title,tag
18points UG (haftungsbeschränkt),FinTech | InsurTech | LegalTech | RegTech
360 Grad Aufnahmen,Fotografie
360 Grad Aufnahmen,IT/Technologie
360 Grad Aufnahmen,Virtual Reality
4.screen,Mobility
4.screen,Smart Mobility
3dTrust GmbH,3D-Technology
3dTrust GmbH,IT Security
3dTrust GmbH,IT/Technologie
4tiitoo GmbH,IT/Technologie
4tiitoo GmbH,SaaS
3megawatt GmbH,Energy
3megawatt GmbH,IT/Technologie
3megawatt GmbH,Renewable Energy
3megawatt GmbH,SaaS
42DBS GmbH,IT/Technologie
42DBS GmbH,SaaS
3D Druck München,Services
3Bears,Ernährung
3Bears,Food
3Bears,Lebensmittel
1Pitch,App
1Pitch,IT/Technologie
1Pitch,Medien
52masterworks GmbH,FinTech
52masterworks GmbH,FinTech | InsurTech | LegalTech | RegTech
5 Euro StartUp,
additive elements GmbH,3D-Technology
additive elements GmbH,IT/Technologie
ACU GmbH,Accelerator/Incubator
Aampere GmbH,(e)Commerce
Aampere GmbH,B2C
Aampere GmbH,eMobility
Aampere GmbH,Mobility
ABC Venture Gates,Accelerator/Incubator
Aboalarm GmbH,IT/Technologie
Aboalarm GmbH,SaaS
addet labs UG,(e)Commerce
addet labs UG,B2C
addet labs UG,Online Shopping
Actyx AG,Industry
Actyx AG,IT/Technologie
Acton Capital,Investor
Across Property,PropTech / Real Estate
accu:rate GmbH,IT/Technologie
accu:rate GmbH,SaaS
absence.io,IT/Technologie
absence.io,SaaS
Abracar,Automotive
Abracar,Mobility
AIM Advanced Identification Methods GmbH,BioTech
AIM Advanced Identification Methods GmbH,Life Science
Agile Robots AG,Artificial Intelligence
Agile Robots AG,IT/Technologie
Agile Robots AG,Robotics
adnymics GmbH,Big Data
adnymics GmbH,IT/Technologie
AINOHA,(e)Commerce
AINOHA,B2C
AINOHA,Online Shopping
Air Up,Food
Air Up,FoodTech
Air Up,Getränke
Agenturmatching,IT/Technologie
Agenturmatching,SaaS
AEVO GmbH,Big Data
AEVO GmbH,Industry
AEVO GmbH,IT/Technologie
AEVO GmbH,SaaS
agrilution GmbH,Food
agrilution GmbH,FoodTech
agrilution GmbH,IoT
agrilution GmbH,IT/Technologie
agrilution GmbH,Smart Home
advilo GbR,PropTech / Real Estate
Advanced Navigation Solutions GmbH,eMobility
Advanced Navigation Solutions GmbH,IT/Technologie
Advanced Navigation Solutions GmbH,Mobility
Advanced Navigation Solutions GmbH,SaaS
alexandrya.ai,Artificial Intelligence
alexandrya.ai,IT/Technologie
alexandrya.ai,SaaS
AIVENTA,App
AIVENTA,IT/Technologie
ajuma,IT/Technologie
ajuma,Life Science
akjumii,Fashion
ALALJOJO,Lifestyle
ALALJOJO,Sport
Alasco GmbH,IT/Technologie
Alasco GmbH,PropTech / Real Estate
Alasco GmbH,SaaS
Alaiko,Logistics
Alaiko,Transport
Alexander Thamm GmbH,Big Data
Alexander Thamm GmbH,IT/Technologie
Alphabots GmbH,Artificial Intelligence
Alphabots GmbH,IT/Technologie
Alphabots GmbH,Robotics
All3DP GmbH,3D-Technology
All3DP GmbH,IT/Technologie
alphaX Digital Services,(e)Commerce
alphaX Digital Services,FinTech | InsurTech | LegalTech | RegTech
Alpinchen,(e)Commerce
Alpinchen,B2C
Alpinchen,Online Shopping
Alpenventures UG (haftungsbeschränkt),Lifestyle
Alpenventures UG (haftungsbeschränkt),Travel
Allianz Digital Accelerator,Accelerator/Incubator
Appdafuer GmbH,App
Appdafuer GmbH,IT/Technologie
Appdafuer GmbH,Services
Angsa Robotics,Artificial Intelligence
Angsa Robotics,IT/Technologie
Angsa Robotics,Robotics
apaleo GmbH,Cloud
apaleo GmbH,IT/Technologie
apaleo GmbH,SaaS
Antidote GmbH,Bio
Antidote GmbH,Ernährung
Antidote GmbH,Food
Antidote GmbH,Getränke
Antidote GmbH,Lifestyle
Ananda Ventures,Investor
AMAZD GmbH,IT/Technologie
AMAZD GmbH,SaaS
AM Ventures,Investor
Alyne GmbH,IT Security
Alyne GmbH,IT/Technologie
ALSTIN II GmbH,Investor
AlterMobili GmbH,Mobility
AlterMobili GmbH,Smart Mobility
Altruja GmbH,Social Entrepreneurship
ALS Automatic Logistic Solutions GmbH,Industry
ALS Automatic Logistic Solutions GmbH,IT/Technologie
AppDevelz,IT/Technologie
AppDevelz,Services
Arana AI,Artificial Intelligence
Ariana Digital Health Solutions GmbH,Artificial Intelligence
Ariana Digital Health Solutions GmbH,Cloud
Ariana Digital Health Solutions GmbH,IT/Technologie
ARCWARE GmbH,3D-Technology
ARCWARE GmbH,Augmented Reality
ARCWARE GmbH,IT/Technologie
ARCWARE GmbH,Virtual Reality
Ariadne Maps GmbH,IoT
Ariadne Maps GmbH,IT/Technologie
AquaTelligent,IT/Technologie
AR-Experts GmbH,Artificial Intelligence
AR-Experts GmbH,Augmented Reality
AR-Experts GmbH,Industry
AR-Experts GmbH,IT/Technologie
Aquahara Technology GmbH,Energy
Aquahara Technology GmbH,Solar
AQAL Capital GmbH,Investor
Applaunch.io,IT/Technologie
AppSCREEN® GmbH – Apps perfekt präsentieren!,App
AppSCREEN® GmbH – Apps perfekt präsentieren!,IoT
AppSCREEN® GmbH – Apps perfekt präsentieren!,IT/Technologie
Arthur Bus GmbH,Mobility
arranja GmbH,(e)Commerce
arranja GmbH,Food
arranja GmbH,Lebensmittel
arranja GmbH,Online Shopping
ArtfulBits software company GmbH,App
ArtfulBits software company GmbH,FinTech | InsurTech | LegalTech | RegTech
ArtfulBits software company GmbH,IT/Technologie
ARTEXO,Health
ARTEXO,Life Science
ARTEXO,MedTech
Ashoka Deutschland,Accelerator/Incubator
ARTICLY,Medien
Art-Glove,eHealth
Art-Glove,Life Science
Art-Glove,MedTech
ASBUS GmbH,(e)Commerce
ASBUS GmbH,Online Shopping
ASBUS GmbH,Shopping
ArtMasters,Lifestyle
ArtMasters,Services
baind,Artificial Intelligence
baind,IoT
baind,IT/Technologie
baind,PropTech / Real Estate
ASTUTIA Ventures,Investor
AskBrian GmbH,Artificial Intelligence
AskBrian GmbH,IT/Technologie
Atopia,Virtual Reality
bankscore,IT/Technologie
bankscore,SaaS
Augmentaio GmbH,Augmented Reality
Augmentaio GmbH,IT/Technologie
Augmentaio GmbH,Virtual Reality
BANKSapi GmbH,Banking
BANKSapi GmbH,FinTech
BANKSapi GmbH,FinTech | InsurTech | LegalTech | RegTech
BANKSapi GmbH,IT/Technologie
BANKSapi GmbH,SaaS
Babo Beverages UG (haftungsbeschränkt),Food
Babo Beverages UG (haftungsbeschränkt),Getränke
audEERING GmbH,Artificial Intelligence
audEERING GmbH,IoT
audEERING GmbH,IT/Technologie
audEERING GmbH,Life Science
audEERING GmbH,Robotics
B42,Sport
B42,Training
Azena,IoT
Azena,IT/Technologie
AZUBIYO GmbH,Education
AZUBIYO GmbH,IT/Technologie
AZUBIYO GmbH,SaaS
Avantpark,Mobility
Avantpark,Parking
Avantpark,Smart City
azuma healthtech GmbH,Cloud
azuma healthtech GmbH,eHealth
azuma healthtech GmbH,IT/Technologie
azuma healthtech GmbH,Life Science
azuma healthtech GmbH,SaaS
authorized.by GmbH,IT/Technologie
authorized.by GmbH,SaaS
AVANTGARDRESS,(e)Commerce
AVANTGARDRESS,Fashion
AVANTGARDRESS,Online Shopping
bao solutions,IT/Technologie
bao solutions,SaaS
"Bayerisches Staatsministerium für Wirtschaft, Landesentwicklung und Energie",
BayStartUP,
BayBG Bayerische Beteiligungsgesellschaft mbH,Investor
baybies GmbH,(e)Commerce
BAVERTIS GmbH,eMobility
BAVERTIS GmbH,Mobility
BAVERTIS GmbH,Smart Mobility
Bayerische Telemedallianz UG ( haftungsbeschränkt ),
BatchOne GmbH,Accelerator/Incubator
BASE Co-Working,Services
beatvest,FinTech
beatvest,FinTech | InsurTech | LegalTech | RegTech
baristina,Food
baristina,FoodTech
baristina,Getränke
BARRIO,Lifestyle
Bilendo GmbH,Banking
Bilendo GmbH,FinTech
Bilendo GmbH,FinTech | InsurTech | LegalTech | RegTech
Bilendo GmbH,IT/Technologie
Bilendo GmbH,SaaS
BetterTaxi (BetterTec GmbH),Mobility
BetterTaxi (BetterTec GmbH),Smart City
BetterTaxi (BetterTec GmbH),Smart Mobility
Berg & Macher GmbH,Services
bikesale.de,(e)Commerce
bikesale.de,Online Shopping
beautybears GmbH,Food
beautybears GmbH,FoodTech
Beyond.Host GmbH,Services
Beducated GmbH,Education
Beducated GmbH,eLearning
Beducated GmbH,Lifestyle
Beewedded GmbH,(e)Commerce
Beewedded GmbH,B2C
Beewedded GmbH,Lifestyle
Beewedded GmbH,Online Shopping
Bind-X GmbH,BioTech
Bind-X GmbH,Life Science
Beta2Shape,3D-Technology
Beta2Shape,IT/Technologie
Beta2Shape,Services
BioDataAnalysis GmbH,BioTech
BioDataAnalysis GmbH,Life Science
Best Foodies,Food
Best Foodies,Lebensmittel
Berryfy,Blockchain
Berryfy,IT/Technologie
BIOspire,BioTech
BIOspire,Life Science
BIOspire,MedTech
Bernstein Technologies GmbH,Banking
Bernstein Technologies GmbH,Blockchain
Bernstein Technologies GmbH,FinTech
Bernstein Technologies GmbH,FinTech | InsurTech | LegalTech | RegTech
Bernstein Technologies GmbH,IT/Technologie
Bleenco,Artificial Intelligence
BioM Biotech Cluster Development GmbH,Accelerator/Incubator
bliro,Artificial Intelligence
bliro,IT/Technologie
bliro,SaaS
BlindMate,Community
BlindMate,Dating
BlindMate,Lifestyle
Blackwave GmbH,Industry
Blackwave GmbH,IT/Technologie
Blabigo,Artificial Intelligence
Blabigo,IT/Technologie
Blabigo,SaaS
Black Tea Motorbikes,Automotive
Black Tea Motorbikes,Bike
Black Tea Motorbikes,Mobility
Boost Internet GmbH,IT/Technologie
Boost Internet GmbH,SaaS
Blickfeld,3D-Technology
Blickfeld,Automotive
Blickfeld,Industry
Blickfeld,IoT
Blickfeld,IT/Technologie
Blickfeld,Mobility
Blickfeld,Robotics
Blickfeld,Smart City
Blickfeld,Smart Mobility
BonVenture Management GmbH,Investor
BiTHOUSE Wayra,Accelerator/Incubator
BiTHOUSE Wayra,Fashion
BiTHOUSE Wayra,FinTech | InsurTech | LegalTech | RegTech
BiTHOUSE Wayra,Food
BiTHOUSE Wayra,IT/Technologie
BiTHOUSE Wayra,Life Science
BiTHOUSE Wayra,Lifestyle
BiTHOUSE Wayra,Marketing
BiTHOUSE Wayra,Mobility
BiTHOUSE Wayra,Social Entrepreneurship
Boheme Digital GmbH,Medien
Bonavendi,(e)Commerce
Bonavendi,Online Shopping
bobbie Deutschland GmbH,IT/Technologie
bobbie Deutschland GmbH,PropTech / Real Estate
Board & Bed,Lifestyle
Board & Bed,Sport
Board & Bed,Travel
BotCraft GmbH,Artificial Intelligence
BotCraft GmbH,Big Data
BotCraft GmbH,Industry
BotCraft GmbH,IoT
BotCraft GmbH,IT/Technologie
BotCraft GmbH,Robotics
BotCraft GmbH,SaaS
boost technologies UG (haftungsbeschränkt),App
boost technologies UG (haftungsbeschränkt),Artificial Intelligence
boost technologies UG (haftungsbeschränkt),Fitness
boost technologies UG (haftungsbeschränkt),IT/Technologie
boost technologies UG (haftungsbeschränkt),Lifestyle
boost technologies UG (haftungsbeschränkt),Sport
boost technologies UG (haftungsbeschränkt),Training
BMW Startup Garage,Accelerator/Incubator
BMW i Ventures,Investor
Blogbox UG,IT/Technologie
Blogbox UG,SaaS
BlitzMinds,Big Data
BlitzMinds,IT/Technologie
buchpicker,App
buchpicker,Services
BraveYourself VR,Augmented Reality
BraveYourself VR,IT/Technologie
BraveYourself VR,Virtual Reality
bridging4success UG,Investor
BOX ID Systems GmbH,Industry
BOX ID Systems GmbH,IoT
BOX ID Systems GmbH,IT/Technologie
BOX ID Systems GmbH,Logistics
BOX ID Systems GmbH,SaaS
Braufässchen,Food
Braufässchen,Getränke
Brandriders UG (haftungsbeschränkt),Advertising
Brandriders UG (haftungsbeschränkt),Marketing
Buffle,IT/Technologie
Buffle,SaaS
Brainamics GmbH,Artificial Intelligence
Brainamics GmbH,IT/Technologie
BRAKEABLE,(e)Commerce
BRAKEABLE,Marketing
BRAKEABLE,Online Shopping
BRAKEABLE,SaaS
BRAGI GmbH,Fitness
BRAGI GmbH,Lifestyle
BRAGI GmbH,Medien
BRAGI GmbH,Sport
brainboost GmbH,BioTech
brainboost GmbH,Health
brainboost GmbH,Life Science
brainboost GmbH,MedTech
Brabbler Secure Message and Data Exchange Aktiengesellschaft,IT Security
Brabbler Secure Message and Data Exchange Aktiengesellschaft,IT/Technologie
BugSense,Life Science
BugSense,MedTech
Cadami UG (haftungsbeschränkt),Film
Cadami UG (haftungsbeschränkt),Medien
Business Pendel Bus,Mobility
CAALA GmbH,IT/Technologie
CAALA GmbH,SaaS
BWS Networking APP,Education
BWS Networking APP,eLearning
Buttonwise GmbH,Design
Buttonwise GmbH,Fashion
Buttonwise GmbH,Lifestyle
Buttonwise GmbH,Nachhaltigkeit
Burda Principal Investments,(e)Commerce
Burda Principal Investments,B2C
Burda Principal Investments,Investor
Burda Principal Investments,Medien
bumpee,App
bumpee,IT/Technologie
bumpee,SaaS
Building Radar GmbH,Big Data
Building Radar GmbH,IT/Technologie
Building Radar GmbH,PropTech / Real Estate
buildeazy GmbH,PropTech / Real Estate
Capmatcher.com,Services
Caire,Artificial Intelligence
Caire,eHealth
Caire,Health
Caire,IT/Technologie
Caire,Life Science
Caire,MedTech
CAPMO GmbH,IT/Technologie
Center for Digital Technology and Management (CDTM),
Carbon Atlantis,Umwelt
Cargentur GmbH,Automotive
Cargentur GmbH,Mobility
CarVia GmbH,Carsharing
CarVia GmbH,Mobility
Celus,Artificial Intelligence
Celus,IoT
Celus,IT/Technologie
Celus,SaaS
Celonis,Big Data
Celonis,IT/Technologie
CATCHYS GmbH,(e)Commerce
CATCHYS GmbH,Fashion
CATCHYS GmbH,Online Shopping
CastConnectPro,Film
CastConnectPro,IT/Technologie
CastConnectPro,Medien
CastConnectPro,TV
casavi GmbH,Cloud
casavi GmbH,IT/Technologie
casavi GmbH,PropTech / Real Estate
casavi GmbH,SaaS
carwow GmbH,Automotive
carwow GmbH,Mobility
casetur mechanism GmbH,Lifestyle
casetur mechanism GmbH,Wohnen
Certivity,FinTech | InsurTech | LegalTech | RegTech
Certivity,LegalTech
Certivity,RegTech
Chemistree GmbH,Big Data
Chemistree GmbH,Education
Chemistree GmbH,IT/Technologie
Checkademia,Education
Checkademia,IT/Technologie
CI Cloud Item GmbH,Industry
CI Cloud Item GmbH,IoT
CI Cloud Item GmbH,IT/Technologie
CI Cloud Item GmbH,SaaS
Charry GmbH,(e)Commerce
Charry GmbH,Logistics
Charry GmbH,Online Shopping
Charry GmbH,Transport
Cevotec GmbH,
chatchamp,(e)Commerce
chatchamp,Artificial Intelligence
chatchamp,B2B
chatchamp,IT/Technologie
chatchamp,Marketing
chatchamp,Online Shopping
chatchamp,SaaS
chango,App
chango,Bitcoin
chango,Blockchain
chango,FinTech | InsurTech | LegalTech | RegTech
chango,IT/Technologie
ChargeX GmbH,Automotive
ChargeX GmbH,eMobility
ChargeX GmbH,Energy
ChargeX GmbH,Mobility
ChargeX GmbH,Smart Mobility
chocolate³,3D-Technology
chocolate³,Food
chocolate³,Lebensmittel
Cesonia GmbH,Blockchain
Cesonia GmbH,Industry
Cesonia GmbH,IT Security
Cesonia GmbH,IT/Technologie
Cesonia GmbH,SaaS
Certyfact UG (haftungsbeschränkt),Blockchain
Certyfact UG (haftungsbeschränkt),IT/Technologie
Certyfact UG (haftungsbeschränkt),Services
CLEW GmbH,Lifestyle
CLEW GmbH,Sport
Clipperz,IT Security
Clipperz,IT/Technologie
Cliniserve,Health
Cliniserve,IT/Technologie
Cliniserve,Life Science
Cliniserve,MedTech
Climedo,Big Data
Climedo,Health
Climedo,IT/Technologie
Climedo,SaaS
ClearOps GmbH,Industry
ClearOps GmbH,IT/Technologie
ClearOps GmbH,Logistics
ClearOps GmbH,SaaS
Cleverciti Systems GmbH,IT/Technologie
Cleverciti Systems GmbH,Mobility
Cleverciti Systems GmbH,Smart City
CIRRANTiC GmbH,Energy
CIRRANTiC GmbH,IT/Technologie
CIRRANTiC GmbH,Mobility
Clouberry GmbH,(e)Commerce
Clouberry GmbH,B2B
clubago GmbH,IT/Technologie
clubago GmbH,SaaS
cirqus,Education
cirqus,Services
Clonck UG (haftungsbeschränkt),App
Cinema Calc,Film
Cinema Calc,Medien
Cinema Calc,TV
Cognition Factory GmbH,Artificial Intelligence
Cognition Factory GmbH,Industry
Cognition Factory GmbH,IT/Technologie
Cognition Factory GmbH,Logistics
Cognition Factory GmbH,Robotics
cogniBIT GmbH,Artificial Intelligence
cogniBIT GmbH,Automotive
cogniBIT GmbH,IT/Technologie
cogniBIT GmbH,Mobility
cogniBIT GmbH,Smart Mobility
CoffeeCup GmbH,App
CoffeeCup GmbH,Cloud
CoffeeCup GmbH,IT/Technologie
CoffeeCup GmbH,SaaS
Codelos.io GmbH,IT/Technologie
Codelos.io GmbH,SaaS
codestryke GmbH,Big Data
codestryke GmbH,Industry
codestryke GmbH,IoT
codestryke GmbH,IT/Technologie
codestryke GmbH,SaaS
Cockpit-IT GmbH,App
Cockpit-IT GmbH,Big Data
Cockpit-IT GmbH,Cloud
Cockpit-IT GmbH,IT/Technologie
Cockpit-IT GmbH,SaaS
Cobrainer GmbH,Big Data
Cobrainer GmbH,IT/Technologie
CM1 GmbH,Artificial Intelligence
CM1 GmbH,Big Data
CM1 GmbH,IoT
CM1 GmbH,IT/Technologie
CM1 GmbH,Mobility
CM1 GmbH,Smart City
Cluno,Automotive
Cluno,Mobility
Cluno,Smart Mobility
Combinat 56 – Coworking München,Services
COLORIMETRIX GmbH,eHealth
COLORIMETRIX GmbH,Health
COLORIMETRIX GmbH,Life Science
COLORIMETRIX GmbH,MedTech
Collego GmbH,HR
Collego GmbH,IT/Technologie
Collego GmbH,SaaS
CONDA Deutschland Crowdinvesting GmbH,Investor
Completeorganics GmbH,Bio
Completeorganics GmbH,Ernährung
Completeorganics GmbH,Food
Completeorganics GmbH,Lebensmittel
Community Kitchen Food GmbH,Food
Community Kitchen Food GmbH,Lebensmittel
combyne,(e)Commerce
combyne,App
combyne,IT/Technologie
combyne,Online Shopping
company42 GmbH,Artificial Intelligence
company42 GmbH,Industry
company42 GmbH,IoT
company42 GmbH,IT/Technologie
ComfyLight,App
ComfyLight,IoT
ComfyLight,IT/Technologie
commumee UG (haftungsbeschränkt) & Co KG,IT/Technologie
commumee UG (haftungsbeschränkt) & Co KG,SaaS
CommneX GmbH,FinTech
CommneX GmbH,FinTech | InsurTech | LegalTech | RegTech
Cometum,Banking
Cometum,FinTech | InsurTech | LegalTech | RegTech
ComCode GmbH,IT Security
ComCode GmbH,IT/Technologie
ComCode GmbH,SaaS
coneva GmbH,Energy
coneva GmbH,Renewable Energy
coneva GmbH,SaaS
coneva GmbH,Solar
Condens Insights GmbH,Artificial Intelligence
Condens Insights GmbH,IT/Technologie
Condens Insights GmbH,SaaS
Corona Helfer,Social Entrepreneurship
CONFDNT GmbH,Services
CounselMe GmbH,FinTech | InsurTech | LegalTech | RegTech
CounselMe GmbH,LegalTech
Cosinuss GmbH,eHealth
Cosinuss GmbH,Health
Cosinuss GmbH,IoT
Cosinuss GmbH,IT/Technologie
Cosinuss GmbH,Life Science
Cosinuss GmbH,MedTech
Couper.Club,(e)Commerce
Couper.Club,B2C
Couper.Club,Shopping
Crashtest Security GmbH,IT Security
Crashtest Security GmbH,IT/Technologie
CONXAI,PropTech / Real Estate
Corbado,IT Security
Corbado,IT/Technologie
Corbado,SaaS
creaidAI,Artificial Intelligence
creaidAI,IT/Technologie
creaidAI,SaaS
ConsciousCoders,
convert GmbH,Bike
convert GmbH,eBike
convert GmbH,Mobility
ContainerGrid GmbH,Industry
ContainerGrid GmbH,IT/Technologie
ContainerGrid GmbH,Logistics
ContainerGrid GmbH,SaaS
ContainerGrid GmbH,Transport
Creative Dock GmbH,Services
Cunesoft GmbH,Life Science
Cunesoft GmbH,Pharma
Crewmeister,HR
Crewmeister,IT/Technologie
Crewmeister,SaaS
CupoNation GmbH,IT/Technologie
CupoNation GmbH,SaaS
Cubemos GmbH,FinTech | InsurTech | LegalTech | RegTech
Cubemos GmbH,LegalTech
Cryptowerk,Blockchain
Cryptowerk,IT/Technologie
Cryptocurrency Consulting Munich,Bitcoin
Cryptocurrency Consulting Munich,FinTech
Cryptocurrency Consulting Munich,FinTech | InsurTech | LegalTech | RegTech
Crunchtaste,Food
Crunchtaste,Lebensmittel
CRX Markets AG,Banking
CRX Markets AG,FinTech
CRX Markets AG,FinTech | InsurTech | LegalTech | RegTech
crossvertise GmbH,IT/Technologie
crossvertise GmbH,Marketing
crossvertise GmbH,SaaS
CrossMediaConsulting,Accelerator/Incubator
CrossMediaConsulting,Investor
CrowdProtect,App
CrowdProtect,Community
CrowdProtect,IT/Technologie
CrowdProtect,Lifestyle
Curefab Technologies GmbH,3D-Technology
Curefab Technologies GmbH,Industry
Curefab Technologies GmbH,IT/Technologie
Das Lauftraining – ehem. evalu,Fitness
Das Lauftraining – ehem. evalu,IoT
Das Lauftraining – ehem. evalu,IT/Technologie
Das Lauftraining – ehem. evalu,Lifestyle
Das Lauftraining – ehem. evalu,Sport
DataGuard,FinTech | InsurTech | LegalTech | RegTech
DataGuard,LegalTech
D OPENER,IT/Technologie
D OPENER,Marketing
D OPENER,SaaS
cxomni GmbH,Cloud
cxomni GmbH,IT/Technologie
cxomni GmbH,Marketing
cxomni GmbH,Online Marketing
cxomni GmbH,SaaS
DatenBerg GmbH,Artificial Intelligence
DatenBerg GmbH,Big Data
DatenBerg GmbH,Industry
DatenBerg GmbH,IT/Technologie
DataLion GmbH,Big Data
DataLion GmbH,IT/Technologie
DataLion GmbH,SaaS
CX LABS GmbH,IT/Technologie
CX LABS GmbH,SaaS
Curiosity GmbH,Artificial Intelligence
Curiosity GmbH,Industry
Curiosity GmbH,IT/Technologie
Curiosity GmbH,SaaS
Custom Surgical,eHealth
Custom Surgical,IT/Technologie
Custom Surgical,Life Science
Custom Surgical,MedTech
Curetics,Food
Curetics,Health
Curetics,Lebensmittel
Curetics,Life Science
Curetics,MedTech
DcubeD (Deployables Cubed GmbH),Aerospace
DcubeD (Deployables Cubed GmbH),Industry
DcubeD (Deployables Cubed GmbH),IT/Technologie
Delightex GmbH,IT/Technologie
Delightex GmbH,Virtual Reality
Curing Shot,Ernährung
Curing Shot,Food
Curing Shot,Getränke
DBI Analytics GmbH,Artificial Intelligence
DBI Analytics GmbH,Big Data
DBI Analytics GmbH,IT/Technologie
DBike,IT/Technologie
DBike,Logistics
DBike,SaaS
DBike,Transport
Delicious Data GmbH,Artificial Intelligence
Delicious Data GmbH,FoodTech
Delicious Data GmbH,IT/Technologie
Delicious Data GmbH,SaaS
deepc,Artificial Intelligence
deepc,Health
deepc,IT/Technologie
deepc,Life Science
Defensito GmbH,PropTech / Real Estate
deep·one,Lifestyle
DeepDrive GmbH,Automotive
DeepDrive GmbH,eMobility
DeepDrive GmbH,Mobility
Deep Data Analytics UG (haftungsbeschränkt),Artificial Intelligence
Deep Data Analytics UG (haftungsbeschränkt),IT/Technologie
devicebase GmbH,IoT
devicebase GmbH,IT/Technologie
DeepImmo,PropTech / Real Estate
Deepli GmbH,Life Science
Detailify GmbH,(e)Commerce
Detailify GmbH,Online Shopping
Design Offices München Nove,Services
Digisale,IT/Technologie
Digisale,SaaS
DIE FRISCHEMANUFAKTUR,Ernährung
DIE FRISCHEMANUFAKTUR,Food
DIE FRISCHEMANUFAKTUR,FoodTech
DIE FRISCHEMANUFAKTUR,Lifestyle
Design Offices München Highlight Towers,Services
DEXPERIO GmbH,3D-Technology
DEXPERIO GmbH,Artificial Intelligence
DEXPERIO GmbH,Augmented Reality
DEXPERIO GmbH,IT/Technologie
DEXPERIO GmbH,Virtual Reality
Design Offices München Arnulfpark,Services
Design AI GmbH,Artificial Intelligence
Design AI GmbH,IT/Technologie
Design Offices München 88 North,Services
Digitales Erbe Fimberger,App
Digitales Erbe Fimberger,IT Security
Digitales Erbe Fimberger,IT/Technologie
Divizend GmbH,FinTech
Divizend GmbH,FinTech | InsurTech | LegalTech | RegTech
Demoskopia UG (haftungsbeschränkt),eHealth
Demoskopia UG (haftungsbeschränkt),Health
Demoskopia UG (haftungsbeschränkt),Life Science
Demoskopia UG (haftungsbeschränkt),Pharma
Dirndltopia,(e)Commerce
Dirndltopia,Accessoires
Dirndltopia,Fashion
Dirndltopia,Online Shopping
Demodesk GmbH,Artificial Intelligence
Demodesk GmbH,Cloud
Demodesk GmbH,IT/Technologie
Demodesk GmbH,SaaS
Digital2School,Coaching
Digital2School,Education
Digital2School,IT/Technologie
DigitalCheckIn,App
DigitalCheckIn,IT/Technologie
DigitalCheckIn,SaaS
Dr. Michel GmbH,Lifestyle
Dr. Michel GmbH,Wohnen
Doctor Kimchi GmbH,Food
Doctor Kimchi GmbH,Life Science
doo GmbH,IT/Technologie
doo GmbH,SaaS
done.by GmbH,
Digital Product School by UnternehmerTUM,
djoon foods GmbH,(e)Commerce
djoon foods GmbH,Bio
djoon foods GmbH,Food
djoon foods GmbH,Lebensmittel
DigiSigner,IT/Technologie
DigiSigner,SaaS
draglet GmbH,Bitcoin
draglet GmbH,Blockchain
draglet GmbH,FinTech
draglet GmbH,FinTech | InsurTech | LegalTech | RegTech
draglet GmbH,IT/Technologie
droov,IT/Technologie
droov,SaaS
e-bot7,Artificial Intelligence
e-bot7,IT/Technologie
e-bot7,SaaS
Dynamify GmbH,eHealth
Dynamify GmbH,Health
Dynamify GmbH,Life Science
Dynamify GmbH,MedTech
Dynamic Biosensors GmbH,BioTech
Dynamic Biosensors GmbH,Life Science
DyeMansion GmbH,3D-Technology
DyeMansion GmbH,IT/Technologie
Duplid GmbH,Artificial Intelligence
Duplid GmbH,Big Data
Duplid GmbH,IT/Technologie
Duplid GmbH,SaaS
drivolino GmbH,Education
drivolino GmbH,IT/Technologie
drivolino GmbH,SaaS
driveblocks,Artificial Intelligence
driveblocks,IT/Technologie
driveblocks,Robotics
e-mobilio GmbH,eMobility
e-mobilio GmbH,Energy
e-mobilio GmbH,Mobility
Eageron® GmbH,App
Eageron® GmbH,Games
Eageron® GmbH,IT/Technologie
Eageron® GmbH,Medien
Eageron® GmbH,SaaS
drais.bike,(e)Commerce
drais.bike,eBike
drais.bike,eMobility
drais.bike,Mobility
drais.bike,Smart Mobility
ecomates,Energy
ecomates,Renewable Energy
ecos office center münchen,Coworking
ecos office center münchen,Services
ease,Food
ease,FoodTech
ease,Lebensmittel
eCozy GmbH,CleanTech
eCozy GmbH,IoT
eCozy GmbH,IT/Technologie
Earlybird Venture Capital,Investor
ECOFARIO GmbH,Social Entrepreneurship
eco.mio,CleanTech
eco.mio,IT/Technologie
eco.mio,Mobility
eco.mio,SaaS
Ebenbuild,Health
Ebenbuild,IT/Technologie
Ebenbuild,Life Science
Ebenbuild,MedTech
easyleaving GmbH,IT/Technologie
easyleaving GmbH,Lifestyle
easyleaving GmbH,Nachhaltigkeit
easyalley GmbH,eMobility
easyalley GmbH,Mobility
easyalley GmbH,Smart City
easyalley GmbH,Smart Mobility
Easy-Tutor GmbH,Coaching
Easy-Tutor GmbH,Education
Easy-Tutor GmbH,eLearning
EdelSalz,Food
EdelSalz,Lebensmittel
easy2cool GmbH,Food
easy2cool GmbH,FoodTech
easy2cool GmbH,Logistics
easy2cool GmbH,Transport
Einfach E-Auto Mobility Solutions GmbH,eMobility
Einfach E-Auto Mobility Solutions GmbH,Energy
Einfach E-Auto Mobility Solutions GmbH,Mobility
Einbliq.io,IT/Technologie
Einbliq.io,Medien
Einbliq.io,SaaS
Eimy GmbH,App
Eimy GmbH,IT/Technologie
eGym GmbH,Fitness
eGym GmbH,IT/Technologie
eGym GmbH,Lifestyle
eGym GmbH,Sport
eGym GmbH,Training
einwert GmbH,PropTech / Real Estate
eeMobility GmbH,Energy
eeMobility GmbH,IT/Technologie
eeMobility GmbH,SaaS
ELB Holding GmbH,Investor
Edurino,Education
Edurino,eLearning
edjufy Software GmbH,Education
Edukatico,Education
Edukatico,eLearning
edibox GmbH & Co. KG,
Electrochaea GmbH,Energy
Electrochaea GmbH,Renewable Energy
ENALISS GmbH,Education
Emidat GmbH,PropTech / Real Estate
Energyminer GmbH,Energy
Energyminer GmbH,Renewable Energy
emport.net GmbH,Community
emport.net GmbH,Lifestyle
emport.net GmbH,Medien
enable-Cluster zur Ernährungsforschung,Accelerator/Incubator
Empident GmbH,eHealth
Empident GmbH,Health
Empident GmbH,Life Science
embedded ocean GmbH,Big Data
embedded ocean GmbH,Industry
embedded ocean GmbH,IoT
embedded ocean GmbH,IT/Technologie
embedded ocean GmbH,SaaS
eluminocity,IoT
eluminocity,Mobility
eluminocity,Smart City
Erium GmbH,Artificial Intelligence
Erium GmbH,Big Data
Erium GmbH,Industry
Erium GmbH,IoT
Erium GmbH,IT/Technologie
Erium GmbH,SaaS
Enmacc GmbH,Energy
Enmacc GmbH,IT/Technologie
Enmacc GmbH,SaaS
Elternnachricht.de,Education
Elternnachricht.de,eLearning
Engity GmbH,Cloud
Engity GmbH,FinTech | InsurTech | LegalTech | RegTech
Engity GmbH,IT/Technologie
Engity GmbH,LegalTech
Engity GmbH,SaaS
ESA BIC Bavaria managed by AZO,Accelerator/Incubator
Equal Time,Artificial Intelligence
Equal Time,IT/Technologie
Equal Time,SaaS
Equal Time,Social Entrepreneurship
eucurio,Fashion
Erledigt App GmbH,App
Erledigt App GmbH,IT/Technologie
Epiqmax GmbH,BioTech
Epiqmax GmbH,Life Science
Epiqmax GmbH,Pharma
ENYORE GmbH,Services
Entrepreneurship Center Garching,Services
enubo GmbH,IT/Technologie
enubo GmbH,SaaS
Everdrop GmbH,Nachhaltigkeit
Everdrop GmbH,Umwelt
EverReal GmbH,IT/Technologie
EverReal GmbH,SaaS
everskill GmbH,App
everskill GmbH,IT/Technologie
evhcle,Mobility
evhcle,PropTech / Real Estate
faceyourbase AG,IT/Technologie
faceyourbase AG,SaaS
FairFleet,Advertising
FairFleet,Film
FairFleet,FinTech | InsurTech | LegalTech | RegTech
FairFleet,Marketing
FairFleet,Medien
FairFleet,Online Marketing
FairFleet,PropTech / Real Estate
Falkensteiner Ventures,Investor
Exaring AG – waipu.tv,IT/Technologie
Exaring AG – waipu.tv,TV
Exaring AG – waipu.tv,Virtual Reality
Evo-Connect,Cloud
Evo-Connect,IT Security
Evo-Connect,IT/Technologie
Fairway1 GmbH,App
Fairway1 GmbH,IT/Technologie
Fairway1 GmbH,Lifestyle
Fairway1 GmbH,Sport
EYEGLASS24 GmbH,(e)Commerce
EYEGLASS24 GmbH,B2C
EYEGLASS24 GmbH,Online Shopping
Eyecandylab GmbH,Film
Eyecandylab GmbH,Medien
Eyecandylab GmbH,TV
Expertiger,(e)Commerce
Expertiger,B2C
Expertiger,IT/Technologie
Expertiger,Online Shopping
Expertiger,SaaS
exfinity,Industry
exfinity,IT/Technologie
exfinity,Lifestyle
exfinity,Travel
FamilyPunk,Education
FamilyPunk,eLearning
FERTILA GmbH,Health
FERTILA GmbH,Life Science
FERTILA GmbH,MedTech
exaas,IT/Technologie
exaas,Services
femory GmbH & Co KG,App
femory GmbH & Co KG,IT/Technologie
femory GmbH & Co KG,Medien
Fides Technology GmbH,IT/Technologie
Fides Technology GmbH,SaaS
femfeel,App
femfeel,IT/Technologie
femfeel,Life Science
felix forward GmbH,HR
FAZUA GmbH,eBike
FAZUA GmbH,Mobility
FILM SHIFT,Film
FILM SHIFT,Medien
FILM SHIFT,TV
FarmInsect GmbH,BioTech
FASE – Finanzierungsagentur für Social Entrepreneurship,Services
FASTTRACK – The Family Business Accelerator,Accelerator/Incubator
FASTTRACK – The Family Business Accelerator,Automotive
FASTTRACK – The Family Business Accelerator,eMobility
FASTTRACK – The Family Business Accelerator,Logistics
FASTTRACK – The Family Business Accelerator,Mobility
FASTTRACK – The Family Business Accelerator,Smart Mobility
famzy,App
famzy,Community
famzy,IT/Technologie
famzy,Lifestyle
Financial Software Architects GmbH (FISA),FinTech
Financial Software Architects GmbH (FISA),FinTech | InsurTech | LegalTech | RegTech
Financial Software Architects GmbH (FISA),Services
finn GmbH,Automotive
finn GmbH,Mobility
Fineway GmbH,Lifestyle
Fineway GmbH,Travel
FINN,IT/Technologie
FINN,SaaS
Firebot,Artificial Intelligence
Firebot,IT/Technologie
Fireflow Accelerating Technology Ventures GmbH,Accelerator/Incubator
Fireflow Accelerating Technology Ventures GmbH,Investor
finway,FinTech
finway,FinTech | InsurTech | LegalTech | RegTech
FinTecSystems GmbH,Banking
FinTecSystems GmbH,ePayment
FinTecSystems GmbH,FinTech
FinTecSystems GmbH,FinTech | InsurTech | LegalTech | RegTech
FindPenguins,Community
FindPenguins,Lifestyle
FindPenguins,Travel
FirmParking,IT/Technologie
FirmParking,SaaS
Finconomy AG – Fintech und Insurtech Company Builder,Accelerator/Incubator
Finconomy AG – Fintech und Insurtech Company Builder,FinTech
Finconomy AG – Fintech und Insurtech Company Builder,FinTech | InsurTech | LegalTech | RegTech
Finconomy AG – Fintech und Insurtech Company Builder,InsurTech
Finanzchef24 GmbH,FinTech
Finanzchef24 GmbH,FinTech | InsurTech | LegalTech | RegTech
Flixbus,Mobility
Flix SE,Mobility
First Order GmbH,IT/Technologie
First Order GmbH,SaaS
FLOW eye,Logistics
Flowers-Software GmbH,IT/Technologie
Flowers-Software GmbH,SaaS
Flixtrain,Mobility
FLEXXI Care,IT/Technologie
flissade GmbH,Lifestyle
flissade GmbH,Smart City
flissade GmbH,Wohnen
FirstVet,MedTech
Floy GmbH,IT/Technologie
Floy GmbH,SaaS
FitSeat,Fitness
FitSeat,Lifestyle
FitSeat,Sport
FLSK Products GmbH,Lifestyle
Formularo,HR
Foodignity Labs GmbH,Lifestyle
foodji marketplace GmbH,Food
Flyla GmbH,Aircraft
Flyla GmbH,Mobility
FLUXUNIT GmbH – OSRAM Ventures,Investor
Foodpunk GmbH,Ernährung
Foodpunk GmbH,Food
Foodpunk GmbH,Lebensmittel
Foodpunk GmbH,Lifestyle
Footprint Intelligence GmbH,Artificial Intelligence
Footprint Intelligence GmbH,IT/Technologie
Footprint Intelligence GmbH,SaaS
Fobi AI Germany GmbH,(e)Commerce
Fobi AI Germany GmbH,B2B
Fobi AI Germany GmbH,IT/Technologie
Fobi AI Germany GmbH,SaaS
FLUICS GmbH,IT/Technologie
FLUICS GmbH,Life Science
fos4X GmbH,Energy
fos4X GmbH,Industry
fos4X GmbH,IT/Technologie
FORREST & LOVE GmbH,Lifestyle
FORREST & LOVE GmbH,Nachhaltigkeit
forStory GmbH,Film
forStory GmbH,Medien
Freework GmbH,App
Freework GmbH,IT/Technologie
Freework GmbH,SaaS
FreshDetect GmbH,IT/Technologie
FreshDetect GmbH,Marketing
FreshDetect GmbH,SaaS
Franky & Friends,Food
Franky & Friends,Lebensmittel
FRATCH.IO,HR
Freudify,HR
Freeform4U GmbH,3D-Technology
Freeform4U GmbH,IT/Technologie
franck.AI,Battery
franck.AI,Energy
franck.AI,IT/Technologie
FRANKA EMIKA GmbH,IT/Technologie
FRANKA EMIKA GmbH,Robotics
founders@unibw,Accelerator/Incubator
Friendsfactory AG,Services
Frienton GmbH,FinTech
Frienton GmbH,FinTech | InsurTech | LegalTech | RegTech
Frienton GmbH,IT/Technologie
Friendly Cloud,IT/Technologie
FT Fitness Technology GmbH,Fitness
FT Fitness Technology GmbH,Lifestyle
FT Fitness Technology GmbH,Sport
Fund The Planet,Blockchain
Fund The Planet,Social Entrepreneurship
Funcoo UG,Lifestyle
Funcoo UG,Nachhaltigkeit
fulfin,FinTech | InsurTech | LegalTech | RegTech
functionHR GmbH,Artificial Intelligence
functionHR GmbH,Big Data
functionHR GmbH,HR
functionHR GmbH,IT/Technologie
functionHR GmbH,SaaS
GarantieHeld,FinTech | InsurTech | LegalTech | RegTech
gasido GmbH,(e)Commerce
gasido GmbH,B2B
gasido GmbH,Energy
Futora Marketing GmbH,Games
Futora Marketing GmbH,Marketing
Futora Marketing GmbH,Medien
Futora Marketing GmbH,Online Marketing
gate – Garchinger Technologie- und Gründerzentrum GmbH,Accelerator/Incubator
Go Beyond Investing,Investor
GasVisor GmbH,Industry
GasVisor GmbH,IoT
GasVisor GmbH,IT/Technologie
GasVisor GmbH,SaaS
German Accelerator,Accelerator/Incubator
GoBunion,
Genesis CryoTech GmbH,BioTech
Genesis CryoTech GmbH,Life Science
GerneOhne,Bio
GerneOhne,Food
GNA Biosolutions GmbH,BioTech
GNA Biosolutions GmbH,Life Science
givve ® | PL Gutscheinsysteme GmbH,(e)Commerce
givve ® | PL Gutscheinsysteme GmbH,IT/Technologie
givve ® | PL Gutscheinsysteme GmbH,SaaS
Glanos GmbH,Artificial Intelligence
Glanos GmbH,Big Data
Glanos GmbH,IT/Technologie
gipfelpuls,Food
gipfelpuls,Lebensmittel
Gini,Artificial Intelligence
Gini,FinTech
Gini,FinTech | InsurTech | LegalTech | RegTech
Gini,IT/Technologie
Gini,SaaS
gigaaa GmbH,App
gigaaa GmbH,IT/Technologie
gigaaa GmbH,SaaS
Golfstrom,Energy
Golfstrom,Ökostrom
Golfstrom,Renewable Energy
Golfstrom,Solar
golane UG (haftungsbeschränkt),IT/Technologie
golane UG (haftungsbeschränkt),Mobility
golane UG (haftungsbeschränkt),Smart City
golane UG (haftungsbeschränkt),Smart Mobility
grow.inc SPACES,Coworking
Gerotor GmbH,Battery
Gerotor GmbH,Energy
Gerotor GmbH,Renewable Energy
gominga eServices GmbH,IT/Technologie
gominga eServices GmbH,SaaS
Grillido GmbH,Food
Grillido GmbH,Lebensmittel
GründerRegio M e.V.,Accelerator/Incubator
gridX GmbH,Artificial Intelligence
gridX GmbH,Blockchain
gridX GmbH,IT/Technologie
gridX GmbH,Robotics
GREENFORCE FUTURE FOOD AG,Food
GREENFORCE FUTURE FOOD AG,FoodTech
GraphicSprings,Services
GOZUBI,HR
Granny Vision,Social Entrepreneurship
GovRadar GmbH,IT/Technologie
GovRadar GmbH,SaaS
Grundriss in Lebensgröße GmbH,(e)Commerce
Grundriss in Lebensgröße GmbH,PropTech / Real Estate
GoodIP GmbH,FinTech | InsurTech | LegalTech | RegTech
GoodIP GmbH,LegalTech
goodgrade GmbH & Co. KG,Education
happitz GmbH,Ernährung
happitz GmbH,Fitness
happitz GmbH,Lifestyle
happitz GmbH,Sport
Hangbird,Lifestyle
Hangbird,Nachhaltigkeit
HAT.tec GmbH,Aerospace
HAT.tec GmbH,Aircraft
HAT.tec GmbH,Artificial Intelligence
HAT.tec GmbH,IT/Technologie
HAT.tec GmbH,Mobility
halloDeutsch,App
halloDeutsch,Education
halloDeutsch,eLearning
halloDeutsch,IT/Technologie
guud GmbH,HR
happybrush GmbH,Health
happybrush GmbH,Life Science
happybrush GmbH,MedTech
haeppie Solutions GmbH,IT/Technologie
haeppie Solutions GmbH,SaaS
gutfeel,App
gutfeel,IT/Technologie
gutfeel,Marketing
Gürtler & Roach Cybersecurity,Industry
Gürtler & Roach Cybersecurity,IT Security
Gürtler & Roach Cybersecurity,IT/Technologie
Gut Feeling,Health
Gut Feeling,Life Science
Guestia DE GmbH,IT/Technologie
Guestia DE GmbH,SaaS
HaWe Engineering GmbH,IT/Technologie
HaWe Engineering GmbH,SaaS
hey circle GmbH,Logistics
hey circle GmbH,Transport
Hello Chef,Food
Hello Chef,Lifestyle
HELDINNEN.,Food
HELDINNEN.,Getränke
HELLSICHT GmbH,Artificial Intelligence
HELLSICHT GmbH,Big Data
HELLSICHT GmbH,IT/Technologie
HEAVN GmbH,Wohnen
"Helberg, Lange, Schütz & Steiner GbR (4Walls Escape)",Lifestyle
HeyCharge GmbH,eMobility
HeyCharge GmbH,Mobility
HearOn,Medien
HCM4all GmbH,Cloud
HCM4all GmbH,HR
HCM4all GmbH,IT/Technologie
HCM4all GmbH,SaaS
hawk:AI,FinTech | InsurTech | LegalTech | RegTech
hawk:AI,RegTech
Health+,Lifestyle
heyData,Services
Hirschgartenloft,Services
Hirschvogel Ventures GmbH,Investor
HipSquare/SquareTrip,Mobility
HipSquare/SquareTrip,Smart Mobility
HiveNet GmbH,Artificial Intelligence
HiveNet GmbH,Big Data
HiveNet GmbH,Blockchain
HiveNet GmbH,Cloud
HiveNet GmbH,IT Security
HiveNet GmbH,IT/Technologie
Hip Trips GmbH,Lifestyle
Hip Trips GmbH,Travel
Hinterher.com munich bike trailers,Lifestyle
Hinterher.com munich bike trailers,Nachhaltigkeit
hicrypto,Bitcoin
hicrypto,FinTech
hicrypto,FinTech | InsurTech | LegalTech | RegTech
Heynannyly GmbH,HR
Heynannyly GmbH,Services
heyroom,Services
HOALY Foods GmbH,Food
HOALY Foods GmbH,Lebensmittel
Hoelzl und Schuster GbR,Services
HopfON,PropTech / Real Estate
Holidu GmbH,IT/Technologie
Holidu GmbH,Lifestyle
Holidu GmbH,SaaS
Holidu GmbH,Travel
Hotelbird GmbH,App
Hotelbird GmbH,IT/Technologie
Hotelbird GmbH,SaaS
Hotellistat GmbH,(e)Commerce
Hotellistat GmbH,B2B
Hotellistat GmbH,Big Data
Hotellistat GmbH,IT/Technologie
Holo-Light GmbH,Augmented Reality
Holo-Light GmbH,Industry
Holo-Light GmbH,IT/Technologie
Holo-Light GmbH,Virtual Reality
HRForecast – a peopleForecast company,Big Data
HRForecast – a peopleForecast company,IT/Technologie
HospiChef,Food
HospiChef,IT/Technologie
HospiChef,SaaS
Hos`t – Hospitality Trade,(e)Commerce
Hos`t – Hospitality Trade,B2B
Hos`t – Hospitality Trade,Online Shopping
HOSCOM – Hospitality Communication GmbH,App
HOSCOM – Hospitality Communication GmbH,Cloud
HOSCOM – Hospitality Communication GmbH,IT/Technologie
HOSCOM – Hospitality Communication GmbH,SaaS
HolodeckVR,IT/Technologie
HolodeckVR,Virtual Reality
Hubviser,Services
HRinstruments GmbH,Cloud
HRinstruments GmbH,HR
HRinstruments GmbH,IT/Technologie
HRinstruments GmbH,SaaS
iComplai UG,FinTech | InsurTech | LegalTech | RegTech
iComplai UG,RegTech
ICAROS GmbH,Fitness
ICAROS GmbH,IT/Technologie
ICAROS GmbH,Lifestyle
ICAROS GmbH,Sport
ICAROS GmbH,Virtual Reality
Huntrees,HR
IDEA KITCHEN Coworking Space,Services
IDEE GmbH,IT/Technologie
Ideascanner,IT/Technologie
Ideascanner,SaaS
IDnow,Artificial Intelligence
IDnow,FinTech
IDnow,FinTech | InsurTech | LegalTech | RegTech
IDnow,IT Security
IDnow,IT/Technologie
IDnow,RegTech
IDnow,SaaS
Hypozentrum GmbH,Accelerator/Incubator
Hypozentrum GmbH,Coworking
HV Holtzbrinck Ventures,Investor
Hyperganic Technologies AG,3D-Technology
Hyperganic Technologies AG,Artificial Intelligence
Hyperganic Technologies AG,Industry
Hyperganic Technologies AG,IT/Technologie
HyLevio,Aerospace
HyLevio,Aircraft
HyLevio,Mobility
ifena GmbH,Big Data
ifena GmbH,IT/Technologie
ifena GmbH,SaaS
INCYTON GmbH,BioTech
INCYTON GmbH,Life Science
Imixs Software Solutions GmbH,
Imagile GmbH,Accelerator/Incubator
Immobase GmbH,(e)Commerce
Immobase GmbH,Online Shopping
Impact Hub Munich,Services
IHK Startup Unit,
ILLUSIONEER,3D-Technology
ILLUSIONEER,Augmented Reality
ILLUSIONEER,Film
ILLUSIONEER,IT/Technologie
ILLUSIONEER,Medien
ILLUSIONEER,TV
ILLUSIONEER,Virtual Reality
ingenovo GmbH,Industry
ingenovo GmbH,IoT
ingenovo GmbH,IT/Technologie
InformMe,eHealth
InformMe,Life Science
InformMe,MedTech
Inecosys GmbH,Industry
Inflight VR Software GmbH,Aerospace
Inflight VR Software GmbH,Aircraft
Inflight VR Software GmbH,IT/Technologie
Inflight VR Software GmbH,Mobility
Inflight VR Software GmbH,Virtual Reality
innovation.punks,Accelerator/Incubator
IND.ACADEMY,Education
IND.ACADEMY,eLearning
innovator space e.V.,Education
innovator space e.V.,IT/Technologie
innoXchain GmbH,Blockchain
innoXchain GmbH,IT/Technologie
Innovation Centre Denmark,Accelerator/Incubator
INNOSPOT,Big Data
INNOSPOT,IT/Technologie
innovation.labs,Services
innosabi GmbH,IT/Technologie
innosabi GmbH,SaaS
innopark24 GmbH & Co. KG,Mobility
innopark24 GmbH & Co. KG,Parking
innopark24 GmbH & Co. KG,Smart City
initics GmbH,Industry
initics GmbH,IT/Technologie
initics GmbH,SaaS
inSyca IT Solutions GmbH,Cloud
inSyca IT Solutions GmbH,IT/Technologie
Intefra,Automotive
Intefra,Mobility
Intefra,Smart City
Intefra,Smart Mobility
Insaas.ai,FinTech | InsurTech | LegalTech | RegTech
Insaas.ai,InsurTech
Investoom,FinTech | InsurTech | LegalTech | RegTech
invitata – creative rooms,Services
Invest in Bavaria,Services
interfacewerk GmbH,IT/Technologie
interfacewerk GmbH,SaaS
Irasun GmbH,IT/Technologie
IRUBIS GmbH,Life Science
IRUBIS GmbH,MedTech
investiert AG,Investor
inveox GmbH,3D-Technology
inveox GmbH,Industry
inveox GmbH,IoT
inveox GmbH,IT/Technologie
inveox GmbH,Life Science
INVENOX GmbH,Battery
INVENOX GmbH,eMobility
INVENOX GmbH,Energy
INVENOX GmbH,Mobility
Interlink Ventures,Investor
itsmydata GmbH,IT/Technologie
Isarkindl,Food
Isarkindl,Getränke
Isarkindl,Lifestyle
Isarkindl,Nachhaltigkeit
JARMINO,Bio
JARMINO,Food
JARMINO,Lebensmittel
Joint Generations,HR
Jobpushy,HR
Jobpushy,Services
Ivvi Company GmbH,Lifestyle
Join Alpha,Fitness
Join Alpha,Health
Join Alpha,Life Science
Join Alpha,Lifestyle
Jolt Energy GmbH,Energy
Jolt Energy GmbH,Ökostrom
JodelCam UG (haftungsbeschränkt),App
JodelCam UG (haftungsbeschränkt),IT/Technologie
jesango,(e)Commerce
jesango,Online Shopping
JAZE GmbH,Medien
JAZE GmbH,Musik
jobify,App
jobify,HR
jobify,IT/Technologie
Jeffrey GmbH,App
Jeffrey GmbH,IT/Technologie
Jeffrey GmbH,Lifestyle
KEYOU GmbH,Automotive
KEYOU GmbH,Energy
KEYOU GmbH,Mobility
KEYOU GmbH,Services
KEYOU GmbH,Smart Mobility
JobNinja GmbH,App
JobNinja GmbH,HR
JobNinja GmbH,IT/Technologie
JobNinja GmbH,SaaS
KEWAZO,Augmented Reality
KEWAZO,IT/Technologie
KEWAZO,Robotics
KErn – Kompetenzzentrum Ernährung,
keysurance,FinTech | InsurTech | LegalTech | RegTech
keysurance,Mobility
Keepoala,(e)Commerce
Keepoala,Online Shopping
Keyp GmbH,IT Security
Keyp GmbH,IT/Technologie
Kaia Health Software GmbH,eHealth
Kaia Health Software GmbH,Life Science
Kaia Health Software GmbH,Lifestyle
Kaia Health Software GmbH,Sport
Kaia Health Software GmbH,Training
Justt,App
Justt,Artificial Intelligence
Justt,Blockchain
Justt,IT/Technologie
Justt,Medien
JUUCE,(e)Commerce
JUUCE,Online Shopping
Kickbase GmbH,Community
Kickbase GmbH,Lifestyle
Kickbase GmbH,Sport
justairtech GmbH,CleanTech
justairtech GmbH,Industry
justairtech GmbH,IT/Technologie
Juconn GmbH,Cloud
Juconn GmbH,IoT
Juconn GmbH,IT/Technologie
Juconn GmbH,Logistics
Juconn GmbH,Smart Home
knooing GmbH,IoT
knooing GmbH,IT/Technologie
Knister Grill,Lifestyle
Knister Grill,Nachhaltigkeit
Joy and Meal,Food
klarx,IT/Technologie
klarx,SaaS
kiutra GmbH,Industry
kiutra GmbH,IoT
kiutra GmbH,IT/Technologie
kiutra GmbH,Robotics
kinoheld GmbH,(e)Commerce
kinoheld GmbH,IT/Technologie
kinoheld GmbH,SaaS
Knowron GmbH,App
Knowron GmbH,Artificial Intelligence
Knowron GmbH,Cloud
Knowron GmbH,IT/Technologie
Knowron GmbH,SaaS
Kimodu GmbH,Cloud
Kimodu GmbH,IT/Technologie
Kids all around,IT/Technologie
Kids all around,SaaS
KINEXON Sports,Big Data
KINEXON Sports,IT/Technologie
KINEXON Sports,Sport
Kombuco GmbH,Bio
Kombuco GmbH,Food
Kombuco GmbH,Getränke
KigaClick GmbH,App
KigaClick GmbH,IT/Technologie
KigaClick GmbH,SaaS
kiwiHR,HR
kontextR,IT/Technologie
kontextR,SaaS
Kubuni UG (haftungsbeschränkt),Marketing
Kubuni UG (haftungsbeschränkt),Social Media Marketing
KRAFTVOLL,Food
KRAFTVOLL,Lebensmittel
KOSTENEX GmbH,FinTech
KOSTENEX GmbH,FinTech | InsurTech | LegalTech | RegTech
KOSA,(e)Commerce
KOSA,App
KOSA,Artificial Intelligence
KOSA,IT/Technologie
Konux,Artificial Intelligence
Konux,IoT
Konux,IT/Technologie
KWERQUS,Lifestyle
KontextMaps,Education
KontextMaps,IT/Technologie
KontextMaps,Medien
KontextMaps,SaaS
Kontentwerk GmbH,Film
Kontentwerk GmbH,Medien
Kumovis GmbH,Life Science
Kompetenzteam Kultur- und Kreativwirtschaft der Landeshauptstadt München,Services
leadtributor,Marketing
Labs64 GmbH,Cloud
Labs64 GmbH,IT/Technologie
Labs64 GmbH,SaaS
LChoice,(e)Commerce
Latai GmbH,IoT
Latai GmbH,IT/Technologie
LastiBike GmbH,Bike
LastiBike GmbH,eBike
LastiBike GmbH,eMobility
LastiBike GmbH,Mobility
LastiBike GmbH,Smart Mobility
LarsLabs GmbH,IoT
LarsLabs GmbH,IT/Technologie
LarsLabs GmbH,Smart Home
LAQA GmbH,Health
LAQA GmbH,IoT
LAQA GmbH,IT/Technologie
Lanes & Planes GmbH,Services
Lanes & Planes GmbH,Travel
LabV Intelligent Solutions GmbH,Big Data
LabV Intelligent Solutions GmbH,Industry
LabV Intelligent Solutions GmbH,IT/Technologie
LabV Intelligent Solutions GmbH,SaaS
Landpack GmbH,Lifestyle
Landpack GmbH,Logistics
Landpack GmbH,Nachhaltigkeit
Landpack GmbH,Transport
Landpack GmbH,Umwelt
LegalFlex GmbH,LegalTech
LEMI CarSharing,Carsharing
LEMI CarSharing,Mobility
LikeLouis GmbH,Food
LikeLouis GmbH,Getränke
leaf republic GmbH,Lifestyle
leaf republic GmbH,Nachhaltigkeit
leaf republic GmbH,Umwelt
letsact e.V.,Social Entrepreneurship
Leverage Robotics GmbH,Education
Leverage Robotics GmbH,Industry
Leverage Robotics GmbH,IT/Technologie
Li.plus GmbH,Battery
Li.plus GmbH,Energy
Li.plus GmbH,Industry
Li.plus GmbH,IT/Technologie
LESS AND ME,(e)Commerce
LESS AND ME,Nachhaltigkeit
LESS AND ME,Online Shopping
Lesido GmbH,Education
Lesido GmbH,Medien
Lendorse,FinTech | InsurTech | LegalTech | RegTech
les loops,Accessoires
les loops,Fashion
Lendstar GmbH,Banking
Lendstar GmbH,ePayment
Lendstar GmbH,FinTech
Lendstar GmbH,FinTech | InsurTech | LegalTech | RegTech
Limedix GmbH,eHealth
Limedix GmbH,IT/Technologie
Limedix GmbH,Life Science
Limedix GmbH,MedTech
Limedix GmbH,SaaS
Limehome GmbH,PropTech / Real Estate
Lilium GmbH,Aircraft
Lilium GmbH,Automotive
Lilium GmbH,eMobility
Lilium GmbH,Mobility
LMU Spin-off Service,Accelerator/Incubator
LiveCycle GmbH,Bike
LiveCycle GmbH,Lifestyle
LiveCycle GmbH,Mobility
LiveCycle GmbH,Nachhaltigkeit
LMU Entrepreneurship Center,Accelerator/Incubator
LION Smart GmbH,Battery
LION Smart GmbH,Energy
LION Smart GmbH,Industry
LION Smart GmbH,IT/Technologie
Listenchampion,(e)Commerce
Listenchampion,B2B
Listenchampion,Services
LinkFive,IT/Technologie
LinkFive,SaaS
Lini’s Bites,Food
Lini’s Bites,Lebensmittel
link-o-mat UG (haftungsbeschränkt),(e)Commerce
link-o-mat UG (haftungsbeschränkt),Shopping
Limonara,Food
Limonara,Getränke
lingoking GmbH,IT/Technologie
lingoking GmbH,SaaS
LoadFox GmbH,
Locaboo GmbH,PropTech / Real Estate
Locaboo GmbH,SaaS
loopingo GmbH,(e)Commerce
loopingo GmbH,Marketing
LODGEA GmbH,IT/Technologie
LODGEA GmbH,SaaS
LOEWI GmbH,eHealth
LOEWI GmbH,Life Science
Locixx® GmbH,IoT
Locixx® GmbH,IT/Technologie
Locixx® GmbH,Life Science
Logabit GmbH,Artificial Intelligence
Logabit GmbH,Big Data
Logabit GmbH,IT Security
Logabit GmbH,IT/Technologie
Logabit GmbH,SaaS
logistics.cloud,Cloud
logistics.cloud,IoT
logistics.cloud,IT/Technologie
logistics.cloud,Logistics
logistics.cloud,Transport
Lockit Network GmbH,App
Lockit Network GmbH,IT/Technologie
localstoring.com,PropTech / Real Estate
Lotaro,HR
Local Companion GmbH,Community
Local Companion GmbH,Lifestyle
Local Companion GmbH,Travel
LOREMO,(e)Commerce
LOREMO,B2B
LOREMO,B2C
LOREMO,Lifestyle
LOREMO,Wohnen
Made in Germany GmbH,Marketing
Made in Germany GmbH,Medien
LOUFT UG (Haftungsbeschränkt),IT/Technologie
LOUFT UG (Haftungsbeschränkt),SaaS
m3d products UG,(e)Commerce
Magazino GmbH,Industry
Magazino GmbH,IT/Technologie
Magazino GmbH,Logistics
Magazino GmbH,Robotics
LYMB.iO GmbH,Augmented Reality
LYMB.iO GmbH,IT/Technologie
LYMB.iO GmbH,Lifestyle
LYMB.iO GmbH,Sport
Lyntics GmbH,IT/Technologie
Lyntics GmbH,SaaS
Luminovo GmbH,Artificial Intelligence
Luminovo GmbH,Big Data
Luminovo GmbH,IoT
Luminovo GmbH,IT/Technologie
Luminovo GmbH,SaaS
Magistral.IO,Big Data
Magistral.IO,Cloud
Magistral.IO,IoT
Magistral.IO,IT/Technologie
MailboxNow GmbH & Co KG,Services
Magment GmbH,Battery
Magment GmbH,eMobility
Magment GmbH,Energy
Magment GmbH,Mobility
Magment GmbH,Renewable Energy
Magment GmbH,Smart City
Magment GmbH,Smart Mobility
Loyalty Prime Germany GmbH,Cloud
Loyalty Prime Germany GmbH,IT/Technologie
Loyalty Prime Germany GmbH,SaaS
Ludwig Bölkow Campus,Accelerator/Incubator
Mashup Finance,Investor
Marondo Capital,Investor
Marasia GmbH,Food
Marasia GmbH,Lebensmittel
manaomea GmbH,Lifestyle
manaomea GmbH,Nachhaltigkeit
manaomea GmbH,Social Entrepreneurship
Manyfolds GmbH,(e)Commerce
Manyfolds GmbH,B2B
Manyfolds GmbH,Logistics
Manvelyan Enterprises,App
Manvelyan Enterprises,IT/Technologie
maiot GmbH,Artificial Intelligence
maiot GmbH,IoT
maiot GmbH,IT/Technologie
MANA Coworking Space,Coworking
Mamistravelguide,Lifestyle
Mamistravelguide,Travel
MASTLI – Magical Story Listening,App
MASTLI – Magical Story Listening,Education
MASTLI – Magical Story Listening,Travel
matchinguu GmbH,App
matchinguu GmbH,Big Data
matchinguu GmbH,IT/Technologie
Make Germany GmbH,Services
MATES,Services
Medigital,Health
Medigital,IT/Technologie
Medigital,Life Science
meHealthX,Life Science
meHealthX,MedTech
meHealthX,Pharma
MEDISinn Plattform GmbH,eHealth
MEDISinn Plattform GmbH,Health
MEDISinn Plattform GmbH,Life Science
meetastic,App
meetastic,IT/Technologie
Medal Monday GmbH,Lifestyle
Medal Monday GmbH,Sport
Media Lab Bayern,Accelerator/Incubator
Mecuris GmbH,3D-Technology
Mecuris GmbH,Big Data
Mecuris GmbH,Health
Mecuris GmbH,IT/Technologie
Mecuris GmbH,Life Science
Mecuris GmbH,MedTech
Matmatch,Industry
Matmatch,IT/Technologie
Mein Arbeits(t)raum Haidhausen,Services
mayze GmbH,App
mayze GmbH,Dating
mayze GmbH,IT/Technologie
mayze GmbH,Lifestyle
Mein Arbeits(t)raum,Services
MIG Capital AG,Investor
microDimensions GmbH,Life Science
microDimensions GmbH,MedTech
meine-weltkarte.de,Lifestyle
meine-weltkarte.de,Travel
meine-weltkarte.de,Wohnen
mellow,Coaching
mellow,Education
mellow,eHealth
Mentessa,Artificial Intelligence
Mentessa,HR
Mentessa,IT/Technologie
Mentessa,SaaS
MESASIGHT GmbH,Artificial Intelligence
MESASIGHT GmbH,IT/Technologie
MESASIGHT GmbH,Services
MessengerPeople,IT/Technologie
MessengerPeople,Marketing
MessengerPeople,SaaS
metoda GmbH,(e)Commerce
metoda GmbH,Advertising
metoda GmbH,IT/Technologie
metoda GmbH,Marketing
metoda GmbH,Online Marketing
Memoratio GmbH,Accelerator/Incubator
Memoratio GmbH,Health
Memoratio GmbH,Life Science
Mily Technologies,Big Data
Mily Technologies,IT/Technologie
Mily Technologies,Logistics
Mily Technologies,SaaS
Mime GmbH,Fashion
MeisterLabs GmbH,IT/Technologie
MeisterLabs GmbH,SaaS
MindZip.net GmbH,(e)Commerce
Miniwim,Health
Miniwim,Life Science
Mindpalace,Education
Mindpalace,Medien
Miniglotte UG,Education
MinQi,HR
Mindspace Germany GmbH,Coworking
Mindspace Germany GmbH,Services
MingaGreens GmbH,Bio
MingaGreens GmbH,Food
MingaGreens GmbH,FoodTech
MingaGreens GmbH,Lebensmittel
minnt GmbH,App
minnt GmbH,IoT
minnt GmbH,IT/Technologie
minnt GmbH,Smart Home
Mindshine GmbH,App
Mindshine GmbH,IT/Technologie
Miomente GmbH,Marketing
Miomente GmbH,Online Marketing
Mindpax GmbH,eHealth
Mindpax GmbH,Life Science
Mindpax GmbH,MedTech
Minxli,eHealth
Minxli,Life Science
Moonrock Capital,Accelerator/Incubator
Moonrock Capital,Investor
MONACO DUCKS,(e)Commerce
MONACO DUCKS,Fashion
MONACO DUCKS,Online Shopping
Mitai – A TDK Startup,Artificial Intelligence
Mitai – A TDK Startup,Industry
Mitai – A TDK Startup,IT/Technologie
Mitai – A TDK Startup,SaaS
Modiblast Pharma,Life Science
Modiblast Pharma,Pharma
modelwise GmbH,Artificial Intelligence
modelwise GmbH,Industry
modelwise GmbH,IT/Technologie
modelwise GmbH,SaaS
Moonblock,Blockchain
Moonblock,IT/Technologie
Motius GmbH,3D-Technology
Motius GmbH,App
Motius GmbH,Artificial Intelligence
Motius GmbH,Augmented Reality
Motius GmbH,Big Data
Motius GmbH,Blockchain
Motius GmbH,IoT
Motius GmbH,IT/Technologie
Motius GmbH,Mobility
Motius GmbH,Robotics
Motius GmbH,SaaS
Motius GmbH,Smart City
Motius GmbH,Smart Home
Motius GmbH,Smart Mobility
Motius GmbH,Virtual Reality
MOLABO GmbH,eMobility
MOLABO GmbH,Mobility
MOBIKO GmbH,App
MOBIKO GmbH,IT/Technologie
MOBIKO GmbH,Mobility
MOBIKO GmbH,SaaS
MOBIKO GmbH,Smart Mobility
MotorMiles Technologies GmbH,App
MotorMiles Technologies GmbH,Community
MotorMiles Technologies GmbH,IT/Technologie
MotorMiles Technologies GmbH,Lifestyle
Mobile Ventures GmbH,Investor
MotoSana GmbH,eHealth
MotoSana GmbH,Fitness
MotoSana GmbH,Health
MotoSana GmbH,Life Science
MotoSana GmbH,Lifestyle
Munich Network,
motum by RepairFix,Automotive
motum by RepairFix,Carsharing
motum by RepairFix,eMobility
motum by RepairFix,Mobility
motum by RepairFix,Smart Mobility
Münchner Gewerbehöfe (MGH),Services
Munich Composites GmbH,Industry
Munich Composites GmbH,IT/Technologie
munevo GmbH,Health
munevo GmbH,Life Science
munevo GmbH,MedTech
Mountain Alliance AG,Investor
Münchner Technologiezentrum (MTZ),Accelerator/Incubator
Münchner Technologiezentrum (MTZ),Services
Münchner Existenzgründungs-Büro (MEB),
MSAID GmbH,Artificial Intelligence
MSAID GmbH,IT/Technologie
MSAID GmbH,SaaS
MSAID GmbH,Services
Mr Beam Lasers GmbH,(e)Commerce
Mr Beam Lasers GmbH,Industry
Mr Beam Lasers GmbH,IT/Technologie
Munich Re – THE LAB,Accelerator/Incubator
Munich Re – THE LAB,Services
MyAutoData (MAUD),Automotive
MyAutoData (MAUD),Mobility
myChipsBox GmbH,Food
myChipsBox GmbH,Lebensmittel
Muclyn,PropTech / Real Estate
MPWR,App
MPWR,IT/Technologie
MPWR,Lifestyle
MPWR,Sport
MPWR,Training
MyAdScore,IT/Technologie
MyAdScore,Marketing
MyAdScore,SaaS
MyDriver by Sixt,
my SCHOKO WORLD,Food
my SCHOKO WORLD,Lebensmittel
My Dear Instruments GmbH,Education
My Dear Instruments GmbH,eLearning
MyFlexHome,Lifestyle
MyFlexHome,Travel
MyFlexHome,Wohnen
My Blossom GbR,Fitness
My Blossom GbR,Lifestyle
MWN Equity Investment GmbH,Investor
MUSYNC,App
MUSYNC,IT/Technologie
Munich Venture Partners,Investor
myposter GmbH,(e)Commerce
MYTERIAL GmbH,(e)Commerce
MYTERIAL GmbH,PropTech / Real Estate
myStationary.de,(e)Commerce
myStationary.de,Fashion
myfolie,(e)Commerce
myfolie,B2C
myfolie,Online Shopping
mytabak GmbH,(e)Commerce
Myobis Booking Systems GmbH,(e)Commerce
Myobis Booking Systems GmbH,IT/Technologie
Myobis Booking Systems GmbH,Online Shopping
Myobis Booking Systems GmbH,SaaS
Mynaric,Aircraft
Mynaric,Mobility
naklar.io GmbH & Co. KG,Education
myWay Marine GmbH,eMobility
myWay Marine GmbH,Mobility
mymary GmbH,Lifestyle
mymovingpartner GmbH,Logistics
mymovingpartner GmbH,Umzug
Neocom (Neo Commerce GmbH),(e)Commerce
Neocom (Neo Commerce GmbH),B2B
Neocom (Neo Commerce GmbH),B2C
Neocom (Neo Commerce GmbH),Online Shopping
Neocom (Neo Commerce GmbH),Shopping
myLike UG (haftungsbeschränkt),App
myLike UG (haftungsbeschränkt),IT/Technologie
NameRobot GmbH,IT/Technologie
NameRobot GmbH,SaaS
Navemos,(e)Commerce
Navemos,B2C
Navemos,Online Shopping
nello,IoT
nello,IT/Technologie
nello,Smart Home
nebumind GmbH,Artificial Intelligence
nebumind GmbH,Big Data
nebumind GmbH,Industry
nebumind GmbH,IoT
nebumind GmbH,IT/Technologie
nebumind GmbH,Robotics
nebumind GmbH,SaaS
NavVis,3D-Technology
NavVis,IT/Technologie
nearBees GmbH,Bio
nearBees GmbH,Food
nearBees GmbH,Lebensmittel
ndgit GmbH,Banking
ndgit GmbH,FinTech
ndgit GmbH,FinTech | InsurTech | LegalTech | RegTech
NanoTemper Technologies GmbH,Industry
NanoTemper Technologies GmbH,IoT
NanoTemper Technologies GmbH,IT/Technologie
navel robotics GmbH,Artificial Intelligence
navel robotics GmbH,IoT
navel robotics GmbH,IT/Technologie
navel robotics GmbH,Robotics
Nauta Capital,Industry
Nauta Capital,Investor
Nauta Capital,IT Security
Nauta Capital,IT/Technologie
Nauta Capital,SaaS
Neokami GmbH,Big Data
Neokami GmbH,IT Security
Neokami GmbH,IT/Technologie
Neozoon / Heintschel Marken GmbH,Lifestyle
Neozoon / Heintschel Marken GmbH,Wohnen
Next Generation Mobility GmbH,Carsharing
Next Generation Mobility GmbH,eMobility
Next Generation Mobility GmbH,IT/Technologie
Next Generation Mobility GmbH,Mobility
Next Generation Mobility GmbH,SaaS
Next Generation Mobility GmbH,Smart Mobility
newworkation.com | wlt GmbH,Coworking
newworkation.com | wlt GmbH,HR
neurotrim Systems GmbH,Health
neurotrim Systems GmbH,Life Science
neurotrim Systems GmbH,MedTech
NextFab IIoT,Big Data
NextFab IIoT,Industry
NextFab IIoT,IT/Technologie
NextFab IIoT,SaaS
Neuphony,Fitness
Neuphony,Lifestyle
neubau kompass AG,PropTech / Real Estate
NeuralAgent GmbH,Artificial Intelligence
NeuralAgent GmbH,IoT
NeuralAgent GmbH,IT Security
NeuralAgent GmbH,IT/Technologie
NETME UG,App
NETME UG,IT/Technologie
Nesoma Health,eHealth
Nesoma Health,Health
Nesoma Health,Life Science
nextnano GmbH,IT/Technologie
nextFATbusiness,Investor
Nui Care GmbH,eHealth
Nui Care GmbH,FinTech | InsurTech | LegalTech | RegTech
Nui Care GmbH,InsurTech
Nui Care GmbH,Life Science
Nuclino GmbH,IT/Technologie
Nuclino GmbH,SaaS
NU EMOTIONS GmbH,IT/Technologie
NU EMOTIONS GmbH,SaaS
NOVA Products,Fashion
NOVA Products,IT/Technologie
NIMMSTA GmbH,Industry
NIMMSTA GmbH,IT/Technologie
NIMMSTA GmbH,Logistics
NIMMSTA GmbH,Transport
Noxon GmbH,Health
Noxon GmbH,Life Science
Noventi Digital GmbH,eHealth
Noventi Digital GmbH,Life Science
Noventi Digital GmbH,MedTech
Nokia Digital Creativity Lab (DCL),Accelerator/Incubator
Nokia Digital Creativity Lab (DCL),IT/Technologie
numi.circular,IT/Technologie
numi.circular,SaaS
Noah Mobility GmbH,Logistics
Noah Mobility GmbH,Umzug
Noah Mobility GmbH,Wohnen
NINA REIN,Fashion
NumberSquare GmbH,FinTech
NumberSquare GmbH,FinTech | InsurTech | LegalTech | RegTech
Nutrion GmbH,Coworking
Oczko Stereo,(e)Commerce
Oczko Stereo,B2C
Octoscreen,PropTech / Real Estate
Oh Circle UG,Lifestyle
Oh Circle UG,Umwelt
Oekostrom.com,Energy
Oekostrom.com,Ökostrom
oculai GmbH,Big Data
oculai GmbH,Industry
oculai GmbH,IT/Technologie
oculai GmbH,PropTech / Real Estate
oculai GmbH,SaaS
OH MY! FANTASY,Dating
OH MY! FANTASY,Lifestyle
OCELL GmbH,Artificial Intelligence
OCELL GmbH,IT/Technologie
OCELL GmbH,Social Entrepreneurship
OCCIDENT,Investor
Oberon Systems,IT/Technologie
OmegaLambdaTec GmbH,Artificial Intelligence
OmegaLambdaTec GmbH,Big Data
OmegaLambdaTec GmbH,Energy
OmegaLambdaTec GmbH,IT/Technologie
OilFox,App
OilFox,IoT
OilFox,IT/Technologie
OilFox,Smart Home
onyo GmbH,HR
OOMAY Home,(e)Commerce
OOMAY Home,B2B
OOMAY Home,B2C
OOMAY Home,Online Shopping
ONCARE GmbH,IT/Technologie
ONYX GmbH,Industry
ONYX GmbH,IT/Technologie
Open as App,IT/Technologie
OONIQUE GmbH,(e)Commerce
OONIQUE GmbH,B2C
OONIQUE GmbH,Online Shopping
onpier,FinTech | InsurTech | LegalTech | RegTech
onpier,InsurTech
onlokka.de,(e)Commerce
onlokka.de,B2C
onlokka.de,Online Shopping
onetwokey,PropTech / Real Estate
onesome,Coaching
onesome,Education
onesome,HR
OneProjects,3D-Technology
OneProjects,Health
OneProjects,IT/Technologie
OneProjects,Life Science
OneProjects,MedTech
Open Publishing GmbH,IT/Technologie
Open Publishing GmbH,Medien
Open Publishing GmbH,SaaS
Optiwiser A.I. Solutions UG,Artificial Intelligence
Optiwiser A.I. Solutions UG,IT/Technologie
OroraTech,InsurTech
OroraTech,IT/Technologie
OT Medizintechnik GmbH,Life Science
OT Medizintechnik GmbH,MedTech
order.link,Artificial Intelligence
order.link,IT/Technologie
ORDA,Food
ORDA,IT/Technologie
ORDA,Lifestyle
Ordercube GmbH,App
Ordercube GmbH,IT/Technologie
Ordercube GmbH,SaaS
ottobahn GmbH,Mobility
ottobahn GmbH,Smart City
ottobahn GmbH,Smart Mobility
Orbem,Artificial Intelligence
Orbem,Industry
Orbem,IT/Technologie
Orbix GmbH,(e)Commerce
Orbix GmbH,Automotive
Orbix GmbH,Mobility
Orbix GmbH,Online Shopping
oqio GmbH,InsurTech
oqio GmbH,IT/Technologie
oqio GmbH,SaaS
p8box.com,App
p8box.com,IT/Technologie
ottonova Holding AG,Health
ottonova Holding AG,InsurTech
ottonova Holding AG,IT/Technologie
ParkandFly.de,(e)Commerce
ParkandFly.de,B2C
Packiteco GmbH,Nachhaltigkeit
Packiteco GmbH,Services
ParkHere GmbH,Mobility
ParkHere GmbH,Parking
ParkHere GmbH,Smart City
parcelLab GmbH,Cloud
parcelLab GmbH,IT/Technologie
parcelLab GmbH,Logistics
parcelLab GmbH,Transport
PAYMILL GmbH,Banking
PAYMILL GmbH,FinTech
PAYMILL GmbH,FinTech | InsurTech | LegalTech | RegTech
Paylobby GmbH,FinTech
Paylobby GmbH,FinTech | InsurTech | LegalTech | RegTech
Paylobby GmbH,Payment
parkpocket,App
parkpocket,Big Data
parkpocket,IT/Technologie
Parce GmbH,IoT
Parce GmbH,IT/Technologie
Parce GmbH,Smart Home
Paper Pass,Medien
PeaceTechFoundation & OTOPIA,Accelerator/Incubator
Palitree GmbH,PropTech / Real Estate
Payworks,FinTech
Payworks,FinTech | InsurTech | LegalTech | RegTech
Payworks,Payment
Personio GmbH,HR
Personio GmbH,IT/Technologie
Personio GmbH,SaaS
PetLEO,App
PetLEO,IT/Technologie
peachmobility Elektroroller,eMobility
peachmobility Elektroroller,Mobility
PERFORMPLUS,IT/Technologie
PERFORMPLUS,SaaS
Pertuniti GmbH,Big Data
Pertuniti GmbH,Cloud
Pertuniti GmbH,FinTech | InsurTech | LegalTech | RegTech
Pertuniti GmbH,Industry
Pertuniti GmbH,IT/Technologie
Pertuniti GmbH,RegTech
Pertuniti GmbH,SaaS
perceptos GmbH,Cloud
perceptos GmbH,IT/Technologie
PhantomStack,Cloud
PhantomStack,IT/Technologie
PhantomStack,SaaS
Peter Park,IoT
Peter Park,Mobility
Peter Park,Parking
Peter Park,Smart City
Peter Park,Smart Mobility
Pedilay Care GmbH,Health
Pedilay Care GmbH,Life Science
Pedilay Care GmbH,MedTech
Penzilla,FinTech | InsurTech | LegalTech | RegTech
Penzilla,HR
Penzilla,InsurTech
phelas,Battery
phelas,Energy
phelas,Renewable Energy
PHIO scientific GmbH,Artificial Intelligence
PHIO scientific GmbH,Big Data
PHIO scientific GmbH,BioTech
PHIO scientific GmbH,Cloud
PHIO scientific GmbH,IT/Technologie
PHIO scientific GmbH,Life Science
PHIO scientific GmbH,MedTech
PHIO scientific GmbH,Pharma
PHIO scientific GmbH,SaaS
Pixel Robotics GmbH,IT/Technologie
Pixel Robotics GmbH,Robotics
Plan-Vision GmbH,IT/Technologie
Plan-Vision GmbH,SaaS
Phosphor GbR,IoT
Phosphor GbR,IT/Technologie
Phosphor GbR,Services
Phosphor GbR,Smart Home
Pionierkraft GmbH,Energy
Pionierkraft GmbH,Ökostrom
Pionierkraft GmbH,Renewable Energy
Pionierkraft GmbH,Solar
Planerio GmbH,IT/Technologie
Planerio GmbH,SaaS
piqd GmbH,Community
piqd GmbH,Lifestyle
piqd GmbH,Medien
Pinboards,App
Pinboards,IT/Technologie
Pina Earth,Artificial Intelligence
Pina Earth,IT/Technologie
Pigtie,Education
Pigtie,FinTech | InsurTech | LegalTech | RegTech
Physical Software Solutions GmbH,3D-Technology
Physical Software Solutions GmbH,IT/Technologie
Physical Software Solutions GmbH,SaaS
Picsure GmbH,Artificial Intelligence
Picsure GmbH,FinTech | InsurTech | LegalTech | RegTech
Picsure GmbH,InsurTech
Picsure GmbH,IT/Technologie
PLANETICS,(e)Commerce
PLANETICS,Online Shopping
Polarstern GmbH,Energy
Polarstern GmbH,Ökostrom
Polarstern GmbH,Renewable Energy
Polarstern GmbH,Solar
Plantura,Nachhaltigkeit
PreciPoint GmbH,Health
PreciPoint GmbH,Life Science
PreciPoint GmbH,MedTech
pliXos GmbH,App
pliXos GmbH,IT/Technologie
pliXos GmbH,SaaS
pleyces GmbH,Community
pleyces GmbH,Lifestyle
pleyces GmbH,Travel
PLANTY-OF-MEAT,Food
PLANTY-OF-MEAT,FoodTech
popularc GmbH,3D-Technology
popularc GmbH,Artificial Intelligence
popularc GmbH,Big Data
popularc GmbH,PropTech / Real Estate
popularc GmbH,SaaS
PLIDS UG,IT/Technologie
PLIDS UG,SaaS
poolinq,IT/Technologie
poolinq,Services
Point Twelve Energy GmbH,Energy
Point Twelve Energy GmbH,Industry
Point Twelve Energy GmbH,IoT
Point Twelve Energy GmbH,IT/Technologie
Point Twelve Energy GmbH,Renewable Energy
Point Twelve Energy GmbH,SaaS
PreOmics GmbH,BioTech
PreOmics GmbH,Life Science
PreOmics GmbH,MedTech
Prelovee GmbH,Fashion
Prelovee GmbH,IT/Technologie
Prelovee GmbH,SaaS
ProDuck,
presize.ai,(e)Commerce
presize.ai,Fashion
Promayro Food GmbH,Food
Promayro Food GmbH,Lebensmittel
Print4Taste GmbH,Food
Privadsy UG (haftungsbeschränkt),IT/Technologie
Privadsy UG (haftungsbeschränkt),SaaS
Proliance GmbH,FinTech | InsurTech | LegalTech | RegTech
Proliance GmbH,LegalTech
Proliance GmbH,RegTech
Proliance GmbH,SaaS
proband15 GmbH,Augmented Reality
proband15 GmbH,IT/Technologie
proband15 GmbH,Virtual Reality
ProGlove,Industry
ProGlove,IoT
ProGlove,IT/Technologie
Primelite GmbH,Industry
Primelite GmbH,IT/Technologie
Primary Target GmbH,IT Security
Primary Target GmbH,IT/Technologie
ProperBird,PropTech / Real Estate
Propertybase GmbH,Cloud
Propertybase GmbH,IT/Technologie
Propertybase GmbH,SaaS
QPlaner – Quintessence Optimization GmbH,Artificial Intelligence
QPlaner – Quintessence Optimization GmbH,HR
QPlaner – Quintessence Optimization GmbH,IT/Technologie
QPlaner – Quintessence Optimization GmbH,SaaS
Pylot GmbH,Logistics
Pylot GmbH,Mobility
qbound,Artificial Intelligence
qbound,Blockchain
qbound,Cloud
qbound,IoT
qbound,IT Security
qbound,IT/Technologie
qbound,SaaS
Puray,Life Science
Puray,MedTech
Quantum Partners GmbH,Investor
Quantum Partners GmbH,IoT
Quantum Partners GmbH,IT/Technologie
Quantum Partners GmbH,SaaS
Quantum Partners GmbH,Smart Home
Pyoneer GmbH,Artificial Intelligence
Pyoneer GmbH,Cloud
Pyoneer GmbH,IT/Technologie
Pyoneer GmbH,SaaS
Pure Labs GmbH,Investor
ProSiebenSat.1 Accelerator,Accelerator/Incubator
PublicBI UG (haftungsbeschränkt),Big Data
PublicBI UG (haftungsbeschränkt),IT/Technologie
Pumpkin Organics GmbH,Bio
Pumpkin Organics GmbH,Food
Pumpkin Organics GmbH,Lebensmittel
Quises GmbH,(e)Commerce
Quises GmbH,Marketing
Quantum-Systems GmbH,Aircraft
Quantum-Systems GmbH,Automotive
Quantum-Systems GmbH,Mobility
REALCUBE GmbH,PropTech / Real Estate
quitt Deutschland GmbH,IT/Technologie
quitt Deutschland GmbH,SaaS
quitt Deutschland GmbH,Services
Recherchescout,IT/Technologie
Recherchescout,Medien
Recherchescout,SaaS
Rebike1 GmbH,(e)Commerce
RE’FLEKT GmbH,Augmented Reality
RE’FLEKT GmbH,IT/Technologie
RE’FLEKT GmbH,Virtual Reality
RE-SHIRT,Fashion
RE-SHIRT,Nachhaltigkeit
RE-SHIRT,Services
Reactive Robotics,IT/Technologie
Reactive Robotics,Life Science
Reactive Robotics,MedTech
Reactive Robotics,Robotics
RAUMBILD GmbH,(e)Commerce
RAUMBILD GmbH,3D-Technology
RAUMBILD GmbH,IT/Technologie
RAUMBILD GmbH,Online Shopping
rapitag GmbH,(e)Commerce
rapitag GmbH,B2B
rapitag GmbH,B2C
rapitag GmbH,Shopping
Qurdo GmbH,App
Qurdo GmbH,IT/Technologie
Qurdo GmbH,Medien
Recolize GmbH,(e)Commerce
Recolize GmbH,IT/Technologie
Recolize GmbH,SaaS
recogate GmbH,Marketing
Rekrutados,HR
RENTONDO GmbH,IT/Technologie
RENTONDO GmbH,SaaS
ReportExpress Hoyos Kleemann Rafael und Brass Gabriel GbR,App
ReportExpress Hoyos Kleemann Rafael und Brass Gabriel GbR,Artificial Intelligence
ReportExpress Hoyos Kleemann Rafael und Brass Gabriel GbR,IT/Technologie
ReportExpress Hoyos Kleemann Rafael und Brass Gabriel GbR,Medien
ReportExpress Hoyos Kleemann Rafael und Brass Gabriel GbR,Robotics
RECUP GmbH,Food
RECUP GmbH,FoodTech
RECUP GmbH,Lifestyle
RECUP GmbH,Nachhaltigkeit
RECUP GmbH,Umwelt
reINVENT innovation GmbH,PropTech / Real Estate
remberg,IoT
remberg,IT/Technologie
remberg,SaaS
Regiondo GmbH,IT/Technologie
Regiondo GmbH,Lifestyle
Regiondo GmbH,SaaS
Regiondo GmbH,Travel
reFit Systems,Big Data
reFit Systems,IT/Technologie
reFit Systems,SaaS
Referat für Arbeit und Wirtschaft,
reev,eMobility
reev,Energy
reev,Mobility
REQBEE,IT/Technologie
Repure Life GmbH,Ernährung
Repure Life GmbH,Fitness
Repure Life GmbH,Lifestyle
Rigontec GmbH,
Responsive Fashion Institute,Fashion
RetailQuant GmbH,(e)Commerce
RetailQuant GmbH,B2B
Reverion,Battery
Reverion,Energy
Reverion,Ökostrom
Reverion,Renewable Energy
rfrnz,FinTech | InsurTech | LegalTech | RegTech
rfrnz,LegalTech
RideBee,Mobility
RideBee,Smart Mobility
Ridetronic,Bike
Ridetronic,eBike
Ridetronic,eMobility
Ridetronic,Lifestyle
Ridetronic,Mobility
Ridetronic,Nachhaltigkeit
retroplace.com,(e)Commerce
retroplace.com,Online Shopping
Rethink Ventures,Investor
RETIT GmbH,IT/Technologie
RETIT GmbH,SaaS
Rotonda Business Club,Investor
Retorio,Artificial Intelligence
Retorio,HR
Retorio,IT/Technologie
Retorio,SaaS
Retailtech Hub,(e)Commerce
Retailtech Hub,Accelerator/Incubator
Retailtech Hub,B2B
Retailtech Hub,B2C
Retailtech Hub,Online Shopping
RipCue Music GmbH,Film
RipCue Music GmbH,Medien
RipCue Music GmbH,Musik
Rocket Tutor,Education
Rocket Tutor,eLearning
ROCKCITI ENERGY GmbH,Big Data
ROCKCITI ENERGY GmbH,IT/Technologie
Ryte,IT/Technologie
Ryte,Marketing
Ryte,SaaS
Ryte,SEO
Roundpeg Technologies GmbH,IT/Technologie
Roundpeg Technologies GmbH,Robotics
robominds GmbH,Artificial Intelligence
robominds GmbH,IoT
robominds GmbH,IT/Technologie
robominds GmbH,Robotics
riskmethods GmbH,IT/Technologie
riskmethods GmbH,SaaS
Robotise AG,Artificial Intelligence
Robotise AG,Big Data
Robotise AG,Cloud
Robotise AG,IoT
Robotise AG,IT/Technologie
Robotise AG,Robotics
Robotise AG,SaaS
Robotise AG,Virtual Reality
Scaleup4Europe,Accelerator/Incubator
RNATICS GmbH,BioTech
RNATICS GmbH,Life Science
RNATICS GmbH,Pharma
roadsurfer GmbH,IT/Technologie
roadsurfer GmbH,Lifestyle
roadsurfer GmbH,SaaS
roadsurfer GmbH,Travel
RiverWaveProject,Fitness
RiverWaveProject,Lifestyle
RiverWaveProject,Sport
ScandiPaws,Accessoires
Safety Tax Free GmbH,Banking
Safety Tax Free GmbH,FinTech
Safety Tax Free GmbH,FinTech | InsurTech | LegalTech | RegTech
Safety Tax Free GmbH,IT/Technologie
Safety Tax Free GmbH,SaaS
Scalable Capital Vermögensverwaltung GmbH,FinTech
Scalable Capital Vermögensverwaltung GmbH,FinTech | InsurTech | LegalTech | RegTech
savrr,(e)Commerce
savrr,ePayment
savrr,FinTech | InsurTech | LegalTech | RegTech
Sause GmbH,Lifestyle
Sause GmbH,Nachhaltigkeit
Sause GmbH,Umwelt
Satellite Office München Ludwigstrasse,Services
Scansation GmbH,App
Scansation GmbH,IT/Technologie
ScannedReality GmbH,Augmented Reality
ScannedReality GmbH,IT/Technologie
ScannedReality GmbH,Virtual Reality
Satellite Office München Hopfenpost,Services
Sandhelden GmbH & Co. KG,3D-Technology
Sandhelden GmbH & Co. KG,Industry
Scharfkopf UG (haftungsbeschränkt),Games
Scharfkopf UG (haftungsbeschränkt),Medien
Salmi GmbH,Games
Salmi GmbH,IT/Technologie
Salmi GmbH,Medien
Salmi GmbH,Virtual Reality
Sentiguard Datenschutz GmbH & Co. KG,FinTech | InsurTech | LegalTech | RegTech
Sentiguard Datenschutz GmbH & Co. KG,LegalTech
SensuSport UG (haftungsbeschränkt),Sport
SensuSport UG (haftungsbeschränkt),Training
Senovo,Investor
SenioCareSpotTV-Tablet,Medien
SenioCareSpotTV-Tablet,Social Entrepreneurship
Sedivention GmbH,Life Science
Sedivention GmbH,MedTech
Security & Quality Software GmbH,App
Security & Quality Software GmbH,Artificial Intelligence
Security & Quality Software GmbH,Industry
Security & Quality Software GmbH,IT Security
Security & Quality Software GmbH,IT/Technologie
Secfix,IT Security
Secfix,IT/Technologie
SendCloud GmbH,(e)Commerce
SendCloud GmbH,Logistics
schuldlos GmbH,FinTech | InsurTech | LegalTech | RegTech
schuldlos GmbH,LegalTech
Schneider Geo GmbH,App
Schneider Geo GmbH,IT/Technologie
Schneckenhouse GmbH,Lifestyle
Schneckenhouse GmbH,Wohnen
SHOPEUR GmbH,(e)Commerce
SHOPEUR GmbH,B2C
SHOPEUR GmbH,Online Shopping
Serenize UG (haftungsbeschränkt),IT/Technologie
Serenize UG (haftungsbeschränkt),SaaS
ShopVibes GmbH,(e)Commerce
ShopVibes GmbH,B2B
ShopVibes GmbH,IT/Technologie
ShopVibes GmbH,SaaS
Shore GmbH,IT/Technologie
Shore GmbH,SaaS
shoemates GmbH,(e)Commerce
shoemates GmbH,Online Shopping
shoemates GmbH,Social Entrepreneurship
shiftee,Energy
shiftee,Ökostrom
shiftee,Renewable Energy
SHAVENT – ARA Sustainable Products UG (haftungsbeschränkt),Lifestyle
SHAVENT – ARA Sustainable Products UG (haftungsbeschränkt),Nachhaltigkeit
ShareYourSpace GmbH,Coworking
ShareYourSpace GmbH,PropTech / Real Estate
Serlo,Education
Serlo,eLearning
SHAPE ME,(e)Commerce
SHAPE ME,Fashion
SHAPE ME,Online Shopping
sewts GmbH,3D-Technology
sewts GmbH,Artificial Intelligence
sewts GmbH,Industry
sewts GmbH,IoT
sewts GmbH,IT/Technologie
sewts GmbH,Robotics
SHÄRE GmbH,eMobility
SHÄRE GmbH,Logistics
SHÄRE GmbH,Mobility
SHÄRE GmbH,Transport
Silencio,Big Data
Silencio,IT/Technologie
Simplora,(e)Commerce
Simplora,Online Shopping
Signify GmbH,Big Data
Signify GmbH,IoT
Signify GmbH,IT/Technologie
SIGN8 GmbH,FinTech | InsurTech | LegalTech | RegTech
SIGN8 GmbH,IT Security
SIGN8 GmbH,LegalTech
SIGN8 GmbH,SaaS
Sidepreneur.de – BHL Projects UG (haftungsbeschränkt),Services
SIGRA Technologies GmbH,Automotive
SIGRA Technologies GmbH,Mobility
Simplias Vertriebs GmbH,Cloud
Simplias Vertriebs GmbH,IT/Technologie
Simplias Vertriebs GmbH,SaaS
Show it 360,3D-Technology
Show it 360,IT/Technologie
Show it 360,Marketing
Show it 360,Online Marketing
Show it 360,Virtual Reality
SINN Power GmbH | Wave Energy,Energy
SINN Power GmbH | Wave Energy,Renewable Energy
SHQUARED,PropTech / Real Estate
SHQUARED,Social Entrepreneurship
SimScale GmbH,IT/Technologie
SimScale GmbH,SaaS
shyopa,Coaching
shyopa,HR
Siqens GmbH,Energy
Siqens GmbH,Renewable Energy
SkillFellows UG,(e)Commerce
SkillFellows UG,Education
SixReasons UG (haftungsbeschränkt),Accelerator/Incubator
SkillCamp VR,3D-Technology
SkillCamp VR,IT/Technologie
SkillCamp VR,Virtual Reality
sira Kinderbetreuung gGmbH,Social Entrepreneurship
sjn AG,(e)Commerce
sjn AG,B2B
sjn AG,Industry
sjn AG,IT/Technologie
Smart Reporting GmbH,eHealth
Smart Reporting GmbH,Health
Smart Reporting GmbH,Life Science
Smart Reporting GmbH,MedTech
Smart Mobile Labs GmbH,Medien
Smart Access Solutions UG (haftungsbeschränkt),Blockchain
Smart Access Solutions UG (haftungsbeschränkt),IoT
Smart Access Solutions UG (haftungsbeschränkt),IT/Technologie
Smart Access Solutions UG (haftungsbeschränkt),Logistics
Sneakprint GmbH,3D-Technology
Sneakprint GmbH,Fashion
Skimio GmbH,HR
Skimio GmbH,IT/Technologie
SkyFive AG,Aerospace
SkyFive AG,Aircraft
SkyFive AG,IT/Technologie
SkyFive AG,Mobility
SnC Solution,Services
Skoobe GmbH,App
Skoobe GmbH,IT/Technologie
Skoobe GmbH,Medien
Smart4Diagnostics GmbH,MedTech
Snapticket,Services
Social Entrepreneurship Akademie,
smartvillage GmbH,Services
smartpatient GmbH,eHealth
smartpatient GmbH,Life Science
smartpatient GmbH,MedTech
Snack Me GmbH,Food
Snack Me GmbH,Lebensmittel
smartwork solutions GmbH,IT/Technologie
snect,IT/Technologie
Smoovr,Logistics
Smoovr,Umzug
Smartlane GmbH,Big Data
Smartlane GmbH,IT/Technologie
Smartlane GmbH,Mobility
Smartlane GmbH,SaaS
Smartlane GmbH,Smart Mobility
Softwarepunks GmbH,IT/Technologie
Söllner Communications AG,Advertising
Söllner Communications AG,Marketing
Social Event GmbH,App
Social Event GmbH,IT/Technologie
Social Event GmbH,SaaS
Sono Motors,eMobility
Sono Motors,Energy
Sono Motors,Mobility
Sono Motors,Renewable Energy
Sono Motors,Solar
Soley GmbH,Big Data
Soley GmbH,IT/Technologie
Softplant GmbH,Industry
Softplant GmbH,IT/Technologie
Softplant GmbH,SaaS
Socialwave,
socialPALS GmbH,App
socialPALS GmbH,Big Data
socialPALS GmbH,IT/Technologie
socialPALS GmbH,SaaS
Social Impact Lab München,Accelerator/Incubator
Social Impact Lab München,Coworking
Soundsuit,Artificial Intelligence
Soundsuit,IT/Technologie
Soundsuit,SaaS
SPACELAB Invest GmbH,Accelerator/Incubator
socialbee gGmbH,HR
socialbee gGmbH,Social Entrepreneurship
Sportscurator,Ernährung
Sportscurator,Fitness
Sportscurator,IT/Technologie
Sportscurator,Lifestyle
Sportscurator,SaaS
Sportscurator,Sport
Sportscurator,Training
Sports Athletic,Lifestyle
Sports Athletic,Sport
Sports Athletic,Training
SponsorMio,Medien
Speedinvest GmbH,Investor
Sportiply GmbH,Fitness
Sportiply GmbH,Lifestyle
Sportiply GmbH,Sport
Sportiply GmbH,Training
SPENDIT AG,
SPLT,Mobility
SPLT,Smart City
SPLT,Smart Mobility
SPACENEO,Community
SPACENEO,Lifestyle
SPACENEO,PropTech / Real Estate
SPACENEO,Travel
sparkle gifts,(e)Commerce
sparkle gifts,B2C
sparkle gifts,Online Shopping
Spark To Go GmbH,Food
Spark To Go GmbH,Lifestyle
Spanflug Technologies GmbH,(e)Commerce
Spanflug Technologies GmbH,Industry
Spanflug Technologies GmbH,IT/Technologie
StackImpact GmbH,Industry
StackImpact GmbH,IT/Technologie
StackImpact GmbH,SaaS
Spotninja,Lifestyle
Spotninja,Sport
Spotninja,Travel
Spectrum ARC GmbH,Aerospace
Spectrum ARC GmbH,Mobility
Spectrum ARC GmbH,Space
Stackfield GmbH,IT/Technologie
Stackfield GmbH,SaaS
staffboard GmbH,HR
staffboard GmbH,IT/Technologie
staffboard GmbH,SaaS
SPREE Interactive GmbH,Fitness
SPREE Interactive GmbH,Games
SPREE Interactive GmbH,Lifestyle
STAFFCHUM / allchum GmbH,Industry
STAFFCHUM / allchum GmbH,IT/Technologie
Squarrel GmbH,PropTech / Real Estate
Spyra GmbH,Lifestyle
Spyra GmbH,Sport
STABL Energy GmbH,Battery
STABL Energy GmbH,Energy
STABL Energy GmbH,Renewable Energy
sqanit GmbH,Cloud
sqanit GmbH,IT/Technologie
sqanit GmbH,SaaS
Spotwatch GmbH,Marketing
Spotwatch GmbH,Online Marketing
Spotwatch GmbH,TV
Spreadly,IT/Technologie
Spreadly,SaaS
steptics,Life Science
steptics,MedTech
StellDirVor GmbH,Education
StellDirVor GmbH,Health
STARTmunich e.V.,
StartinFOOD,Services
Startup Creator,App
Startup Creator,IT/Technologie
Stecnius UG (haftungsbeschränkt),Fitness
Stecnius UG (haftungsbeschränkt),Sport
Start Ups & Downs,
Starburst GmbH,Accelerator/Incubator
Starburst GmbH,Aerospace
Starburst GmbH,Space
Starhunter GmbH,IT/Technologie
Starhunter GmbH,SaaS
Storybook Studios,Film
Storybook Studios,Medien
Stil-Tex GmbH,Accessoires
Stil-Tex GmbH,Fashion
storytile GmbH,App
storytile GmbH,Fotografie
storytile GmbH,IT/Technologie
storytile GmbH,Medien
Studio 177,(e)Commerce
Studio 177,B2B
Studierenden Computerhilfe,Services
StudySmarter,Education
StudySmarter,eLearning
Styque GmbH,(e)Commerce
Styque GmbH,App
Styque GmbH,IT/Technologie
Sub Capitals,FinTech
Sub Capitals,FinTech | InsurTech | LegalTech | RegTech
Sub Capitals,IT/Technologie
Succevo GmbH,App
Succevo GmbH,Cloud
Succevo GmbH,IT/Technologie
Succevo GmbH,SaaS
tado GmbH,IT/Technologie
tado GmbH,Smart Home
Strascheg Center for Entrepreneurship,Accelerator/Incubator
Tacto Technology GmbH,IT/Technologie
Tacto Technology GmbH,SaaS
SunPlower Propeller GmbH,Energy
SunPlower Propeller GmbH,Renewable Energy
SUMM,Social Entrepreneurship
SUSHI BIKES,(e)Commerce
SUSHI BIKES,eBike
SUSHI BIKES,Mobility
Talent Tree GmbH,HR
sueco UG (haftungsbeschränkt),Fashion
Summfit GmbH,Fitness
Summfit GmbH,Lifestyle
Summfit GmbH,Sport
Summfit GmbH,Training
tacterion GmbH,Industry
tacterion GmbH,IoT
tacterion GmbH,IT/Technologie
tacterion GmbH,Robotics
Synsor.ai,Artificial Intelligence
Synsor.ai,Industry
Synsor.ai,IT/Technologie
Synertics GmbH,Energy
Synertics GmbH,IT/Technologie
Synertics GmbH,Renewable Energy
Synaesthetica,Augmented Reality
Synaesthetica,Medien
Synaesthetica,Virtual Reality
Talentcube GmbH,HR
Talentcube GmbH,IT/Technologie
Talentry GmbH,HR
Talentry GmbH,IT/Technologie
Talentry GmbH,SaaS
swey GmbH,eMobility
swey GmbH,Mobility
swop,App
swop,IT/Technologie
swop,Social Entrepreneurship
Sym GmbH,Services
Tasktrails UG (haftungsbeschränkt),HR
Tasktrails UG (haftungsbeschränkt),IT/Technologie
Tasktrails UG (haftungsbeschränkt),SaaS
TAWNY GmbH,Artificial Intelligence
TAWNY GmbH,IT/Technologie
Taskiy GmbH,IT/Technologie
Tape Technologies GmbH,IT/Technologie
Tape Technologies GmbH,SaaS
Target Partners GmbH,Investor
Tangany GmbH,FinTech | InsurTech | LegalTech | RegTech
TargetVideo GmbH,Medien
TechFounders,Accelerator/Incubator
Teamwire,IT Security
Teamwire,IT/Technologie
Tech Fontein GmbH,IT/Technologie
Tech Fontein GmbH,SaaS
teamstr GmbH,Community
teamstr GmbH,Games
teamstr GmbH,Medien
teamstr GmbH,Sport
Teamfit GmbH,Fitness
Teamfit GmbH,HR
TerraLoupe GmbH,Artificial Intelligence
TerraLoupe GmbH,FinTech | InsurTech | LegalTech | RegTech
TerraLoupe GmbH,IT/Technologie
Technische Universität München,
Terra Elements GmbH,Food
Terra Elements GmbH,Lebensmittel
Teratrace GmbH,Mobility
TerminApp GmbH – TIMIFY,App
TerminApp GmbH – TIMIFY,IT/Technologie
Tentary UG (haftungsbeschränkt),(e)Commerce
Tentary UG (haftungsbeschränkt),IT/Technologie
Tentary UG (haftungsbeschränkt),SaaS
Terano Food UG (haftungsbeschränkt),Nachhaltigkeit
Terano Food UG (haftungsbeschränkt),Online Shopping
terraplasma GmbH,Life Science
terraplasma GmbH,MedTech
terraplasma medical GmbH,Life Science
terraplasma medical GmbH,MedTech
Temedica GmbH,eHealth
Temedica GmbH,Life Science
Teilzeitbörse,HR
TeleClinic GmbH,Health
TeleClinic GmbH,IT/Technologie
TeleClinic GmbH,Life Science
TeleClinic GmbH,SaaS
Testbirds GmbH,App
Testbirds GmbH,IT/Technologie
Testbirds GmbH,SaaS
Third of Life GmbH,(e)Commerce
Third of Life GmbH,B2C
Third of Life GmbH,Online Shopping
Testifi,IT/Technologie
Testifi,SaaS
Thermosome GmbH,BioTech
Thermosome GmbH,Life Science
The Plant Magic Co.,Bio
The Plant Magic Co.,Ernährung
The Plant Magic Co.,Food
The Plant Magic Co.,Getränke
The Ocean Package,Logistics
The Ocean Package,Transport
ThinxNet GmbH,App
ThinxNet GmbH,Automotive
ThinxNet GmbH,IoT
ThinxNet GmbH,IT/Technologie
ThinxNet GmbH,Mobility
The Green Gaia,(e)Commerce
The Bakery Snowboards GbR,Lifestyle
The Bakery Snowboards GbR,Sport
Testimo,Marketing
Testimo,Online Marketing
Testimo,SaaS
three10 GmbH,IT/Technologie
three10 GmbH,Medien
three10 GmbH,SaaS
ThreeDee GmbH,Advertising
ThreeDee GmbH,Games
ThreeDee GmbH,Marketing
ThreeDee GmbH,Medien
tinus,Lifestyle
tinus,Wohnen
TomorrowBits GmbH,App
TomorrowBits GmbH,Augmented Reality
TomorrowBits GmbH,IT/Technologie
TomorrowBits GmbH,Smart Home
TomorrowBits GmbH,Virtual Reality
toddgo,Lifestyle
toddgo,Travel
TIVITY GmbH,IT/Technologie
Tiburon Pacific GmbH,Investor
timeBro GmbH,IT/Technologie
timeBro GmbH,SaaS
Tildi (Prowd GmbH),(e)Commerce
Tildi (Prowd GmbH),Fashion
Tildi (Prowd GmbH),Online Shopping
Time in the Box GmbH,3D-Technology
Time in the Box GmbH,IT/Technologie
Time in the Box GmbH,Virtual Reality
Tidely GmbH,FinTech
Tidely GmbH,FinTech | InsurTech | LegalTech | RegTech
ticketbro GmbH,(e)Commerce
ticketbro GmbH,B2B
TopGlas GmbH,(e)Commerce
TopGlas GmbH,Accessoires
TopGlas GmbH,Fashion
TopGlas GmbH,Online Shopping
top.legal,Artificial Intelligence
top.legal,FinTech | InsurTech | LegalTech | RegTech
top.legal,IT/Technologie
top.legal,LegalTech
top.legal,SaaS
TrainYourTeam,Lifestyle
TrainYourTeam,Sport
TrainYourTeam,Training
Traindoo,Health
Traindoo,Life Science
travelloc GmbH,Community
travelloc GmbH,Lifestyle
travelloc GmbH,Travel
trbo,(e)Commerce
trbo,IT/Technologie
trbo,Online Shopping
trbo,SaaS
tradico GmbH,FinTech
tradico GmbH,FinTech | InsurTech | LegalTech | RegTech
treefin GmbH,Banking
treefin GmbH,FinTech
treefin GmbH,FinTech | InsurTech | LegalTech | RegTech
Tracify GmbH,Artificial Intelligence
Tracify GmbH,IT/Technologie
Toposens GmbH,3D-Technology
Toposens GmbH,IT/Technologie
Toposens GmbH,Mobility
Trillr,(e)Commerce
Trillr,B2C
Trillr,Online Shopping
tracdelight GmbH,(e)Commerce
tracdelight GmbH,Fashion
TraceFunnels,Affiliate Marketing
TraceFunnels,Marketing
TraceFunnels,Online Marketing
TraceFunnels,SaaS
Treesense GmbH,CleanTech
Treesense GmbH,IoT
Treesense GmbH,IT/Technologie
Treesense GmbH,SaaS
Twostay.work,Services
Twinu,Artificial Intelligence
Twinu,Big Data
Twinu,Blockchain
Twinu,IT/Technologie
Twinu,SaaS
two-ride UG,Mobility
two-ride UG,Smart Mobility
Turtlebox GmbH,Lifestyle
Turtlebox GmbH,Logistics
Turtlebox GmbH,Nachhaltigkeit
Turtlebox GmbH,Umzug
TWAICE,Artificial Intelligence
TWAICE,eMobility
TWAICE,IoT
TWAICE,IT/Technologie
TWAICE,Mobility
Tripodo GmbH,App
Tripodo GmbH,IT/Technologie
Tripodo GmbH,Lifestyle
Tripodo GmbH,SaaS
Tripodo GmbH,Travel
TrustYou GmbH,IT/Technologie
TrustYou GmbH,Lifestyle
TrustYou GmbH,SaaS
TrustYou GmbH,Travel
TRYUP!,(e)Commerce
TRYUP!,Lifestyle
TRYUP!,Sport
ubiMaster (ubiLearning Solutions GmbH),Education
ubiMaster (ubiLearning Solutions GmbH),eLearning
Trustloop e.V.,Social Entrepreneurship
TYPE10 Media GmbH,Games
TYPE10 Media GmbH,Medien
truckoo GmbH,Automotive
truckoo GmbH,Mobility
Uniscon GmbH,Cloud
Uniscon GmbH,IT Security
Uniscon GmbH,IT/Technologie
Unternehmertum Venture Capital Partners,Investor
UnternehmerTUM,Accelerator/Incubator
UnternehmerTUM,Education
Unisphere GmbH,
Unverblümt,App
Unverblümt,Dating
Unverblümt,IT/Technologie
Unverblümt,Lifestyle
Unverblümt,SaaS
Unplanned Moments GmbH,Lifestyle
Unplanned Moments GmbH,Travel
Unetiq GmbH,Artificial Intelligence
Unetiq GmbH,Big Data
Unetiq GmbH,Industry
Unetiq GmbH,IT/Technologie
United Regulations UG (haftungsbeschränkt),Social Entrepreneurship
Uniki GmbH,Cloud
Uniki GmbH,IT Security
Uniki GmbH,IT/Technologie
UNFALLHELDEN,Mobility
uptea GmbH,Food
uptea GmbH,Getränke
uptodate Ventures GmbH,(e)Commerce
uptodate Ventures GmbH,Online Shopping
Vemcon GmbH,
velvet space coworking,Coworking
Varia,IT/Technologie
Varia,Medien
VeggiePur GmbH,Ernährung
VeggiePur GmbH,Food
VeggiePur GmbH,Lebensmittel
VeggiePur GmbH,Lifestyle
vCoach GmbH,Coaching
vCoach GmbH,Education
Vectoflow GmbH,3D-Technology
Vectoflow GmbH,Aerospace
Vectoflow GmbH,IT/Technologie
Vectoflow GmbH,Mobility
Utry.me GmbH,(e)Commerce
Utry.me GmbH,Online Shopping
utransto GmbH,
Usercentrics,FinTech | InsurTech | LegalTech | RegTech
Usercentrics,LegalTech
Vendl / Desio Gmbh,Food
Vendl / Desio Gmbh,FoodTech
Vendl / Desio Gmbh,Getränke
Userlane GmbH,IT/Technologie
Userlane GmbH,SaaS
useley GmbH,(e)Commerce
useley GmbH,App
useley GmbH,B2C
useley GmbH,IT/Technologie
useley GmbH,SaaS
VIMP GmbH,Education
VIMP GmbH,eLearning
vennwerk,Services
Versatile Biology Lab,Life Science
Versatile Biology Lab,MedTech
Vi-Tools UG,
VerbaVoice GmbH,
VESTIGAS GmbH,App
VESTIGAS GmbH,Big Data
VESTIGAS GmbH,IT Security
VESTIGAS GmbH,IT/Technologie
VESTIGAS GmbH,Logistics
VESTIGAS GmbH,SaaS
VESTIGAS GmbH,Transport
VERSO GmbH,IT/Technologie
VERSO GmbH,SaaS
VETIZIN,(e)Commerce
VETIZIN,eHealth
VETIZIN,Life Science
ver.de,FinTech | InsurTech | LegalTech | RegTech
ver.de,Services
Ventech VC,Investor
VePa Vertical Parking,PropTech / Real Estate
Vinlivt GmbH,FinTech | InsurTech | LegalTech | RegTech
Vinlivt GmbH,SaaS
Vito Ventures Management GmbH,Investor
VK Energie GmbH,Energy
Virtonomy GmbH,Life Science
Virtonomy GmbH,MedTech
ViTeach GmbH,Education
ViTeach GmbH,eLearning
Viscopic GmbH,3D-Technology
Viscopic GmbH,Augmented Reality
Viscopic GmbH,IoT
Viscopic GmbH,IT/Technologie
Viscopic GmbH,Virtual Reality
Vitokrates UG (haftungsbeschränkt),eHealth
Vitokrates UG (haftungsbeschränkt),Life Science
Visevi Robotics GmbH,Artificial Intelligence
Visevi Robotics GmbH,IT/Technologie
Visevi Robotics GmbH,Robotics
VisionHealth GmbH,eHealth
VisionHealth GmbH,Health
VisionHealth GmbH,Life Science
vitafy GmbH,(e)Commerce
vitafy GmbH,Ernährung
vitafy GmbH,Fitness
vitafy GmbH,Lifestyle
vitafy GmbH,Online Shopping
VisCheck GmbH,IoT
VisCheck GmbH,IT/Technologie
Volkswagen Data:Lab,Accelerator/Incubator
VoltStorage GmbH,Battery
VoltStorage GmbH,CleanTech
VoltStorage GmbH,Energy
VoltStorage GmbH,IT/Technologie
VoltStorage GmbH,Renewable Energy
Wavelab,Accelerator/Incubator
vr-on GmbH,3D-Technology
vr-on GmbH,Industry
vr-on GmbH,IT/Technologie
vr-on GmbH,Virtual Reality
Wayotec GmbH,IT/Technologie
Wayotec GmbH,Robotics
VRdirect,IT/Technologie
VRdirect,Virtual Reality
Wahtari GmbH,Artificial Intelligence
Wahtari GmbH,IT/Technologie
vystem,Services
Volunteer Vision GmbH,Social Entrepreneurship
Voycer AG,IT/Technologie
Voycer AG,SaaS
vorteils.app,(e)Commerce
vorteils.app,Mobility
Wayra Deutschland GmbH,Accelerator/Incubator
Wayra Deutschland GmbH,Investor
VOXELGRID GmbH,PropTech / Real Estate
WeAdvise AG,FinTech
WeAdvise AG,FinTech | InsurTech | LegalTech | RegTech
WeAdvise AG,IT/Technologie
WeAdvise AG,Robotics
Werk24,Artificial Intelligence
Werk24,Big Data
Werk24,Industry
Werk24,IT/Technologie
Werk24,SaaS
WERK1,Accelerator/Incubator
WERK1,Coworking
Wellington Partners Advisory AG,Investor
Welcomy GmbH,IT/Technologie
Welcomy GmbH,SaaS
wellabe,eHealth
wellabe,Health
wellabe,Life Science
Wellbeing Group UG,(e)Commerce
Wellbeing Group UG,B2B
Welmoa GmbH,IT/Technologie
Welmoa GmbH,Lifestyle
Welmoa GmbH,SaaS
Welmoa GmbH,Travel
weekli,(e)Commerce
weekli,Medien
weekli,Online Shopping
Webmag,IT/Technologie
Webmag,SaaS
WECARRY GmbH,Services
webZunder,Marketing
webZunder,Social Media Marketing
WerkerApp,PropTech / Real Estate
wirfindendeinenring.de,(e)Commerce
wirfindendeinenring.de,Services
Wirelane,eMobility
Wirelane,Mobility
wisefood GmbH,Food
wisefood GmbH,FoodTech
wisefood GmbH,Getränke
WINECOM GmbH,(e)Commerce
WINECOM GmbH,Online Shopping
WMD Capital GmbH,FinTech
WMD Capital GmbH,FinTech | InsurTech | LegalTech | RegTech
WickedCricket,Ernährung
WickedCricket,Food
WickedCricket,Lebensmittel
WickedCricket,Lifestyle
WickedCricket,Nachhaltigkeit
WeWash GmbH,IoT
WeWash GmbH,IT/Technologie
wismo,ePayment
wismo,FinTech
wismo,FinTech | InsurTech | LegalTech | RegTech
wismo,Mobile Payment
WhatzLearn GmbH,IT/Technologie
WhatzLearn GmbH,SaaS
What2Work,HR
Workerbase GmbH,IT/Technologie
Workerbase GmbH,Logistics
wohnungshelden GmbH,IT/Technologie
wohnungshelden GmbH,PropTech / Real Estate
wohnungshelden GmbH,SaaS
WxFUSION GmbH,
WorkNow,HR
Wryte,App
Wryte,eLearning
Wryte,IT/Technologie
XO Life GmbH,eHealth
XO Life GmbH,Life Science
WORKREPUBLIC München Marienplatz,Services
Workpath GmbH,Artificial Intelligence
Workpath GmbH,Cloud
Workpath GmbH,HR
Workpath GmbH,IT/Technologie
Workpath GmbH,SaaS
WORKREPUBLIC München Viktualienmarkt,Services
Wrapclub GmbH,Advertising
Wrapclub GmbH,Marketing
Xplain Data GmbH,Artificial Intelligence
Xplain Data GmbH,IT/Technologie
Xempus AG,FinTech | InsurTech | LegalTech | RegTech
Xempus AG,InsurTech
Yamdu,Film
Yamdu,IT/Technologie
Yamdu,Medien
Yamdu,SaaS
XAnge,Investor
XaaSfarm GmbH,IoT
XaaSfarm GmbH,IT/Technologie
Yammbits by Alenion GmbH,Food
Yammbits by Alenion GmbH,Lebensmittel
XPRENEURS Incubator,Accelerator/Incubator
XAD spoteffects GmbH,IT/Technologie
XAD spoteffects GmbH,SaaS
yourbrandedbeer.de,
YouPlant,(e)Commerce
YouPlant,B2C
YouPlant,Online Shopping
yoummday,IT/Technologie
YFood Labs GmbH,Food
YFood Labs GmbH,Getränke
YFood Labs GmbH,Lebensmittel
Xometry Europe,IT/Technologie
Xometry Europe,Services
XPAY Solutions GmbH,Banking
XPAY Solutions GmbH,FinTech | InsurTech | LegalTech | RegTech
YOODOC – finde deine Behandlung,Health
YOODOC – finde deine Behandlung,IT/Technologie
YOODOC – finde deine Behandlung,Life Science
YOODOC – finde deine Behandlung,SaaS
Xolvis GmbH,(e)Commerce
Xolvis GmbH,B2B
ysura GmbH,IT/Technologie
ysura GmbH,Life Science
ysura GmbH,Pharma
Zeitpulver UG,Bio
Zeitpulver UG,Food
Zeitpulver UG,Lebensmittel
Zentrum Digitalisierung.Bayern,Services
Zerospace,Augmented Reality
Zerospace,IT/Technologie
zentor GmbH,Health
zentor GmbH,Life Science
zentor GmbH,Social Entrepreneurship
Zeitbote AG,(e)Commerce
Zeitbote AG,B2C
Zeitbote AG,Online Shopping
Zeitsilber,Services
Zeitsilber,Social Entrepreneurship
zealaxx AG,Accelerator/Incubator
Zesavi,
zapptales GmbH,IT/Technologie
zapptales GmbH,Medien
Zählerfreunde,Services
Zertisa GmbH,App
Zertisa GmbH,IT/Technologie
Zertisa GmbH,SaaS
Zkin Lab,Health
Zkin Lab,Life Science
Zyncd,IT/Technologie
Zyncd,Marketing
Zyncd,SaaS
